Addresses_Road_Name,Values_Category,Values_Attribute_Name,Addresses_Type,Addresses_Zip_Code,Addresses_Town,Neighborhood_Name,Values_Id,District
Pg Sant Gervasi,NaN,NaN,NaN,8022,BARCELONA,sant gervasi la bonanova,NaN,Sarrià-Sant Gervasi
C Sant Gervasi de Cassoles,NaN,NaN,NaN,8022,BARCELONA,sant gervasi la bonanova,NaN,Sarrià-Sant Gervasi
C Canet,NaN,NaN,NaN,8017,BARCELONA,sarri,NaN,Sarrià-Sant Gervasi
C Bellesguard,NaN,NaN,NaN,8022,BARCELONA,sant gervasi la bonanova,NaN,Sarrià-Sant Gervasi
Pl Gal·la Placídia,NaN,NaN,NaN,8006,BARCELONA,sant gervasi galvany,NaN,Sarrià-Sant Gervasi
C Septimània,Informació d'interès,E-mail,NaN,8006,BARCELONA,el putxet i el farr,41986.0,Sarrià-Sant Gervasi
Pg Sant Gervasi,Informació d'interès,E-mail,NaN,8022,BARCELONA,sant gervasi la bonanova,43450.0,Sarrià-Sant Gervasi
Carrer de les Alberes,Informació d'interès,Web,NaN,8017,Barcelona,vallvidrera el tibidabo i les planes,73758.0,Sarrià-Sant Gervasi
Plaça del Doctor Andreu,Informació d'interès,Web,NaN,8035,Barcelona,sant gervasi la bonanova,73755.0,Sarrià-Sant Gervasi
Avinguda del Tibidabo,Informació d'interès,Web,NaN,8022,Barcelona,sant gervasi la bonanova,73477.0,Sarrià-Sant Gervasi
C Avió Plus Ultra,NaN,NaN,NaN,8017,BARCELONA,sarri,NaN,Sarrià-Sant Gervasi
C Putxet,NaN,NaN,NaN,8006,BARCELONA,el putxet i el farr,NaN,Sarrià-Sant Gervasi
Capità Arenas,Telèfons,Tel.,NaN,8034,BARCELONA,sarri,175806.0,Sarrià-Sant Gervasi
Ctra Vallvidrera Tibidabo,Telèfons,Tel.,NaN,8017,BARCELONA,vallvidrera el tibidabo i les planes,172670.0,Sarrià-Sant Gervasi
Pg Sant Gervasi,Informació d'interès,Web,NaN,8022,BARCELONA,sant gervasi la bonanova,77965.0,Sarrià-Sant Gervasi
C Major del Rectoret,Informació d'interès,E-mail,NaN,8017,BARCELONA,vallvidrera el tibidabo i les planes,49646.0,Sarrià-Sant Gervasi
Pg Reina Elisenda Montcada,Informació d'interès,Instagram,NaN,8034,BARCELONA,sarri,457311.0,Sarrià-Sant Gervasi
Camí del Cementiri de Sant Gervasi,Informació d'interès,E-mail,NaN,8035,Barcelona,sant gervasi la bonanova,40338.0,Sarrià-Sant Gervasi
Carrer d'Eduardo Conde,Informació d'interès,E-mail,NaN,8034,Barcelona,sarri,39844.0,Sarrià-Sant Gervasi
Av Tibidabo,Informació d'interès,Web,NaN,8035,BARCELONA,sant gervasi la bonanova,73858.0,Sarrià-Sant Gervasi
C Nena Casas,Informació d'interès,E-mail,NaN,8017,BARCELONA,les tres torres,59183.0,Sarrià-Sant Gervasi
Plaça del Consell de la Vila,Informació d'interès,Web,NaN,8034,Barcelona,sarri,74384.0,Sarrià-Sant Gervasi
C Josep Anselm Clavé,Informació d'interès,E-mail,NaN,8002,BARCELONA,el barri gtic,42033.0,Ciutat Vella
C Tàpies,Informació d'interès,E-mail,NaN,8001,BARCELONA,el raval,50811.0,Ciutat Vella
Moll Espanya,Informació d'interès,E-mail,NaN,8039,BARCELONA,el barri gtic,37703.0,Ciutat Vella
Carme,NaN,NaN,NaN,8001,BARCELONA,el raval,NaN,Ciutat Vella
Parc Ciutadella,Informació d'interès,E-mail,NaN,8003,BARCELONA,sant pere santa caterina i la ribera,33246.0,Ciutat Vella
Plaça de la Mercè,NaN,NaN,NaN,8002,Barcelona,el barri gtic,NaN,Ciutat Vella
Plaça del Portal de la Pau,Informació d'interès,Web,NaN,8001,Barcelona,el raval,74127.0,Ciutat Vella
Plaça de Sant Iu,Informació d'interès,E-mail,NaN,8002,Barcelona,el barri gtic,39836.0,Ciutat Vella
Pg Lluís Companys,Variables,Any construcció,NaN,8003,BARCELONA,sant pere santa caterina i la ribera,303441.0,Ciutat Vella
Vidre,Telèfons,Tel.,NaN,8002,BARCELONA,el barri gtic,157762.0,Ciutat Vella
Moll Espanya,Informació d'interès,E-mail,NaN,8039,BARCELONA,el barri gtic,41387.0,Ciutat Vella
C Palau de la Música,Informació d'interès,E-mail,NaN,8003,BARCELONA,sant pere santa caterina i la ribera,40146.0,Ciutat Vella
Pl Fossar de les Moreres,NaN,NaN,NaN,8003,BARCELONA,sant pere santa caterina i la ribera,NaN,Ciutat Vella
Carrer de Felícia Fuster i Viladecans,Informació d'interès,E-mail,NaN,8003,Barcelona,la barceloneta,33749.0,Ciutat Vella
Avinguda de la Catedral,Variables,merce-eq-destacat,NaN,8002,Barcelona,el barri gtic,469395.0,Ciutat Vella
Pl Ramon Berenguer el Gran,Informació d'interès,Web,NaN,8002,BARCELONA,el barri gtic,96161.0,Ciutat Vella
Rbla Raval,Informació d'interès,Web,NaN,8001,BARCELONA,el raval,95830.0,Ciutat Vella
Pla de la Seu,NaN,NaN,NaN,8002,Barcelona,el barri gtic,NaN,Ciutat Vella
Avinguda del Marquès de l'Argentera,Informació d'interès,Web,NaN,8003,Barcelona,sant pere santa caterina i la ribera,77405.0,Ciutat Vella
C Sant Pau,Telèfons,Tel.,NaN,8001,BARCELONA,el raval,171898.0,Ciutat Vella
Carrer la Rambla,Informació d'interès,Web,NaN,8002,Barcelona,el barri gtic,70241.0,Ciutat Vella
C Rambla,NaN,NaN,NaN,8002,BARCELONA,el barri gtic,NaN,Ciutat Vella
C Rambla,NaN,NaN,NaN,8002,BARCELONA,el raval,NaN,Ciutat Vella
Avinguda del Litoral,Informació d'interès,Web,NaN,8005,Barcelona,la barceloneta,80057.0,Ciutat Vella
C la Rambla,Informació d'interès,E-mail,NaN,8002,BARCELONA,el barri gtic,43940.0,Ciutat Vella
Moll Drassanes,Informació d'interès,E-mail,NaN,8039,BARCELONA,sant pere santa caterina i la ribera,34850.0,Ciutat Vella
Passatge de la Banca,Informació d'interès,E-mail,NaN,8002,Barcelona,el barri gtic,34913.0,Ciutat Vella
C Sant Pere Més Baix,Informació d'interès,Web,NaN,8003,BARCELONA,sant pere santa caterina i la ribera,96225.0,Ciutat Vella
C Paradís,Informació d'interès,Web,NaN,8002,BARCELONA,el barri gtic,95741.0,Ciutat Vella
Av Portal de l'Àngel,Variables,Arquitecte(s),NaN,8002,BARCELONA,el barri gtic,353636.0,Ciutat Vella
C Doctor Aiguader,Informació d'interès,E-mail,NaN,8003,BARCELONA,la barceloneta,48890.0,Ciutat Vella
Pl Reial,Informació d'interès,Web,NaN,8002,BARCELONA,el barri gtic,97820.0,Ciutat Vella
Moll de Bosch i Alsina,Informació d'interès,E-mail,NaN,8039,Barcelona,el barri gtic,49813.0,Ciutat Vella
Pl Rei,Variables,Nombre de  places,NaN,8002,BARCELONA,el barri gtic,325008.0,Ciutat Vella
C Torres i Amat,NaN,NaN,NaN,8001,BARCELONA,el raval,NaN,Ciutat Vella
Plaça dels Àngels,NaN,NaN,NaN,8001,Barcelona,el raval,NaN,Ciutat Vella
Pg Joan Borbó C Barcelona,Informació d'interès,Web,NaN,8039,BARCELONA,la barceloneta,88784.0,Ciutat Vella
Carrer de Sant Pere Més Baix,Informació d'interès,E-mail,NaN,8003,Barcelona,sant pere santa caterina i la ribera,54899.0,Ciutat Vella
Pl Rosa dels Vents,Informació d'interès,E-mail,NaN,8039,BARCELONA,la barceloneta,53902.0,Ciutat Vella
Bda Llibreteria,Informació d'interès,Web,NaN,8002,BARCELONA,el barri gtic,91677.0,Ciutat Vella
Pg Marítim de la Mar Bella,Informació d'interès,Web,NaN,8019,BARCELONA,diagonal mar i el front martim del poblenou,74959.0,Sant Martí
Pg Marítim de Nova Icària,Informació d'interès,Web cita previa,NaN,8005,BARCELONA,la vila olmpica del poblenou,75322.0,Sant Martí
Av Diagonal,Informació d'interès,Web,NaN,8018,BARCELONA,el parc i la llacuna del poblenou,77578.0,Sant Martí
Pl Fòrum,Informació d'interès,E-mail,NaN,8019,BARCELONA,el bess i el maresme,50836.0,Sant Martí
Plaça de Leonardo da Vinci,Informació d'interès,E-mail,NaN,8019,Barcelona,el bess i el maresme,49680.0,Sant Martí
Carrer de Sant Antoni Maria Claret,Informació d'interès,E-mail,NaN,8041,Barcelona,el camp de larpa del clot,58511.0,Sant Martí
C Roc Boronat,Informació d'interès,E-mail,NaN,8018,BARCELONA,el parc i la llacuna del poblenou,56957.0,Sant Martí
Pl Fòrum,Variables,Any inauguració,NaN,8019,BARCELONA,el bess i el maresme,332897.0,Sant Martí
C Pellaires,Informació d'interès,Web,NaN,8019,BARCELONA,diagonal mar i el front martim del poblenou,81178.0,Sant Martí
C Pere IV,Informació d'interès,E-mail,NaN,8005,BARCELONA,el poblenou,48639.0,Sant Martí
Av Litoral,Informació d'interès,Web,NaN,8019,BARCELONA,diagonal mar i el front martim del poblenou,86408.0,Sant Martí
C Emília Coranty,Informació d'interès,E-mail,NaN,8018,BARCELONA,provenals del poblenou,46273.0,Sant Martí
Plaça del Fòrum,Informació d'interès,Web cita previa,NaN,8019,Barcelona,el bess i el maresme,84798.0,Sant Martí
C Camèlies,NaN,NaN,NaN,8024,BARCELONA,el camp den grassot i grcia nova,NaN,Gràcia
C Montseny,Informació d'interès,E-mail,NaN,8012,BARCELONA,la vila de grcia,54804.0,Gràcia
Carrer d'Ana María Matute Ausejo,Informació d'interès,E-mail,NaN,8024,Barcelona,la salut,39974.0,Gràcia
Rambla de Prat,Informació d'interès,E-mail,NaN,8012,Barcelona,la vila de grcia,39618.0,Gràcia
Plaça del Poble Gitano,NaN,NaN,NaN,8012,Barcelona,la vila de grcia,NaN,Gràcia
Ptge Isabel,Variables,Arquitecte(s),NaN,8023,BARCELONA,vallcarca i els penitents,356950.0,Gràcia
C Vallfogona,Variables,Arquitecte(s),NaN,8012,BARCELONA,la vila de grcia,356919.0,Gràcia
C Olot,NaN,NaN,NaN,8024,BARCELONA,la salut,NaN,Gràcia
C Gran de Gràcia,Variables,Arquitecte(s),NaN,8012,BARCELONA,la vila de grcia,356924.0,Gràcia
C Tordera,NaN,NaN,NaN,8012,BARCELONA,la vila de grcia,NaN,Gràcia
Trav Gràcia,NaN,NaN,NaN,8012,BARCELONA,la vila de grcia,NaN,Gràcia
Pl Diamant,NaN,NaN,NaN,8012,BARCELONA,la vila de grcia,NaN,Gràcia
Av República Argentina,Variables,Arquitecte(s),NaN,8023,BARCELONA,vallcarca i els penitents,353236.0,Gràcia
Pl Virreina,NaN,NaN,NaN,8024,BARCELONA,la vila de grcia,NaN,Gràcia
Pl Nord,NaN,NaN,NaN,8024,BARCELONA,la vila de grcia,NaN,Gràcia
C Sors,Variables,Arquitecte(s),NaN,8024,BARCELONA,la vila de grcia,356918.0,Gràcia
C Olot,NaN,NaN,NaN,8024,BARCELONA,la salut,NaN,Gràcia
Av República Argentina,NaN,NaN,NaN,8023,BARCELONA,vallcarca i els penitents,NaN,Gràcia
C Verdi,Variables,Arquitecte(s),NaN,8012,BARCELONA,la vila de grcia,356921.0,Gràcia
C Francisco Giner,NaN,NaN,NaN,8012,BARCELONA,la vila de grcia,NaN,Gràcia
Carrer de Siracusa,Informació d'interès,E-mail,NaN,8012,Barcelona,la vila de grcia,37162.0,Gràcia
C Gran de Gràcia,Variables,Arquitecte(s),NaN,8012,BARCELONA,la vila de grcia,356910.0,Gràcia
Pl Turó de la Trinitat,Informació d'interès,E-mail,NaN,8033,BARCELONA,la trinitat vella,57015.0,Sant Andreu
Pg Enric Sanchis,NaN,NaN,NaN,8030,BARCELONA,el bon pastor,NaN,Sant Andreu
C Coroleu,NaN,NaN,NaN,8030,BARCELONA,sant andreu,NaN,Sant Andreu
C Pinar del Río,NaN,NaN,NaN,8027,BARCELONA,el congrs i els indians,NaN,Sant Andreu
Pl Orfila,NaN,NaN,NaN,8030,BARCELONA,sant andreu,NaN,Sant Andreu
C Doctor Balari i Jovany,NaN,NaN,NaN,8030,BARCELONA,sant andreu,NaN,Sant Andreu
C Berenguer de Palou,NaN,NaN,NaN,8027,BARCELONA,la sagrera,NaN,Sant Andreu
C Campo Florido,NaN,NaN,NaN,8027,BARCELONA,el congrs i els indians,NaN,Sant Andreu
C Coroleu,NaN,NaN,NaN,8030,BARCELONA,sant andreu,NaN,Sant Andreu
C Grau,NaN,NaN,NaN,8030,BARCELONA,sant andreu,NaN,Sant Andreu
C Garcilaso,NaN,NaN,NaN,8027,BARCELONA,el congrs i els indians,NaN,Sant Andreu
C Matanzas,NaN,NaN,NaN,8027,BARCELONA,el congrs i els indians,NaN,Sant Andreu
C Gran de Sant Andreu,NaN,NaN,NaN,8030,BARCELONA,sant andreu,NaN,Sant Andreu
C Rubén Darío,Informació d'interès,E-mail,NaN,8030,BARCELONA,sant andreu,59548.0,Sant Andreu
C Borriana,NaN,NaN,NaN,8030,BARCELONA,sant andreu,NaN,Sant Andreu
C Ciutat d'Elx,NaN,NaN,NaN,8027,BARCELONA,la sagrera,NaN,Sant Andreu
C Jordi de Sant Jordi,NaN,NaN,NaN,8027,BARCELONA,el congrs i els indians,NaN,Sant Andreu
Pl Mercadal,NaN,NaN,NaN,8030,BARCELONA,sant andreu,NaN,Sant Andreu
Carrer de Felip II,Variables,Coordenades X,NaN,8027,Barcelona,la sagrera,235614.0,Sant Andreu
Pl Orfila,NaN,NaN,NaN,8030,BARCELONA,sant andreu,NaN,Sant Andreu
C Bascònia,NaN,NaN,NaN,8030,BARCELONA,sant andreu,NaN,Sant Andreu
C Puerto Príncipe,NaN,NaN,NaN,8027,BARCELONA,el congrs i els indians,NaN,Sant Andreu
C Sant Sebastià,Informació d'interès,E-mail,NaN,8030,BARCELONA,sant andreu,39470.0,Sant Andreu
Carrer Gran de Sant Andreu,Informació d'interès,E-mail,NaN,8030,Barcelona,sant andreu,39802.0,Sant Andreu
C Hondures,Informació d'interès,E-mail,NaN,8027,BARCELONA,la sagrera,38537.0,Sant Andreu
C Joaquín Costa,NaN,NaN,NaN,8001,BARCELONA,el raval,NaN,Ciutat Vella
Plaça dels Àngels,Informació d'interès,E-mail,NaN,8001,Barcelona,el raval,44955.0,Ciutat Vella
Moll de Bosch i Alsina,Informació d'interès,E-mail,NaN,8039,Barcelona,el barri gtic,468271.0,Ciutat Vella
Moll de Bosch i Alsina,Informació d'interès,E-mail,NaN,8039,Barcelona,el barri gtic,468278.0,Ciutat Vella
C Atlàntida,NaN,NaN,NaN,8003,BARCELONA,la barceloneta,NaN,Ciutat Vella
Pl Pompeu Gener,NaN,NaN,NaN,8003,BARCELONA,la barceloneta,NaN,Ciutat Vella
C Aurora,NaN,NaN,NaN,8001,BARCELONA,el raval,NaN,Ciutat Vella
C Palma de Sant Just,NaN,NaN,NaN,8002,BARCELONA,el barri gtic,NaN,Ciutat Vella
Pl Nova,Informació d'interès,E-mail,NaN,8002,BARCELONA,el barri gtic,39977.0,Ciutat Vella
Pg Joan Borbó Comte Barcelona,Variables,Arquitecte(s),NaN,8003,BARCELONA,la barceloneta,353240.0,Ciutat Vella
Pl Mar,Informació d'interès,E-mail,NaN,8003,BARCELONA,la barceloneta,39549.0,Ciutat Vella
Carrer la Rambla,Informació d'interès,Facebook,NaN,8002,Barcelona,el raval,457295.0,Ciutat Vella
Av Francesc Cambó,Informació d'interès,Facebook,NaN,8003,BARCELONA,sant pere santa caterina i la ribera,457301.0,Ciutat Vella
Carrer de la Canuda,Informació d'interès,E-mail,NaN,8002,Barcelona,el barri gtic,39997.0,Ciutat Vella
Carrer de Flassaders,Informació d'interès,E-mail,NaN,8003,Barcelona,sant pere santa caterina i la ribera,33228.0,Ciutat Vella
Pg Joan Borbó C Barcelona,Informació d'interès,E-mail,NaN,8039,BARCELONA,la barceloneta,39611.0,Ciutat Vella
Pg Marítim Barceloneta,Informació d'interès,E-mail,NaN,8003,BARCELONA,la barceloneta,39655.0,Ciutat Vella
Ptge Sant Felip,NaN,NaN,NaN,8006,BARCELONA,el putxet i el farr,NaN,Sarrià-Sant Gervasi
Pl Molina,NaN,NaN,NaN,8006,BARCELONA,sant gervasi galvany,NaN,Sarrià-Sant Gervasi
Madrazo,Informació d'interès,E-mail,NaN,8021,BARCELONA,sant gervasi galvany,39437.0,Sarrià-Sant Gervasi
Santa Amèlia,Informació d'interès,Web,NaN,8034,BARCELONA,sarri,80137.0,Sarrià-Sant Gervasi
Carrer de Santaló,Informació d'interès,Instagram,NaN,8021,Barcelona,sant gervasi galvany,482004.0,Sarrià-Sant Gervasi
Camí del Cementiri de Sarrià,Informació d'interès,E-mail,NaN,8017,Barcelona,les tres torres,40595.0,Sarrià-Sant Gervasi
Av Tibidabo,Informació d'interès,Web,NaN,8035,BARCELONA,sant gervasi la bonanova,461138.0,Sarrià-Sant Gervasi
C Portolà,Informació d'interès,Web,NaN,8023,BARCELONA,el putxet i el farr,89824.0,Sarrià-Sant Gervasi
C Lluçanès,Informació d'interès,E-mail,NaN,8022,BARCELONA,sant gervasi la bonanova,54693.0,Sarrià-Sant Gervasi
C Calaf,Telèfons,Tel.,NaN,8021,BARCELONA,sant gervasi galvany,138238.0,Sarrià-Sant Gervasi
Av Tibidabo,NaN,NaN,NaN,8035,BARCELONA,sant gervasi la bonanova,NaN,Sarrià-Sant Gervasi
C Ganduxer,Informació d'interès,E-mail,NaN,8022,BARCELONA,les tres torres,43999.0,Sarrià-Sant Gervasi
C Ciutat de Balaguer,Informació d'interès,E-mail,NaN,8022,BARCELONA,sant gervasi la bonanova,40134.0,Sarrià-Sant Gervasi
Ctra Santa Creu Olorda a Sarrià,Informació d'interès,E-mail,NaN,8017,BARCELONA,vallvidrera el tibidabo i les planes,56827.0,Sarrià-Sant Gervasi
Pl Narcisa Freixas,Informació d'interès,E-mail,NaN,8022,BARCELONA,el putxet i el farr,43361.0,Sarrià-Sant Gervasi
C Marmellà,Informació d'interès,E-mail,NaN,8023,BARCELONA,el putxet i el farr,54817.0,Sarrià-Sant Gervasi
Pg Sant Joan,NaN,NaN,NaN,8037,BARCELONA,el camp den grassot i grcia nova,NaN,Gràcia
C Sant Camil,Informació d'interès,E-mail,NaN,8023,BARCELONA,vallcarca i els penitents,43206.0,Gràcia
Via Augusta,Informació d'interès,E-mail,NaN,8006,BARCELONA,la vila de grcia,39811.0,Gràcia
Plaça de Lesseps,Informació d'interès,E-mail,NaN,8023,Barcelona,vallcarca i els penitents,50757.0,Gràcia
Av República Argentina,Informació d'interès,E-mail,NaN,8023,BARCELONA,vallcarca i els penitents,35974.0,Gràcia
C Mare de Déu de la Salut,NaN,NaN,NaN,8024,BARCELONA,la salut,NaN,Gràcia
C Camèlies,Informació d'interès,E-mail,NaN,8024,BARCELONA,la salut,37719.0,Gràcia
C Venus,NaN,NaN,NaN,8012,BARCELONA,la vila de grcia,NaN,Gràcia
C Gomis,Variables,Arquitecte(s),NaN,8023,BARCELONA,vallcarca i els penitents,353110.0,Gràcia
C Gran de Gràcia,NaN,NaN,NaN,8012,BARCELONA,la vila de grcia,NaN,Gràcia
C Torrijos,NaN,NaN,NaN,8012,BARCELONA,la vila de grcia,NaN,Gràcia
C Astúries,Variables,Arquitecte(s),NaN,8012,BARCELONA,la vila de grcia,356923.0,Gràcia
Av Diagonal,Telèfons,Tel.,NaN,8006,BARCELONA,la vila de grcia,161957.0,Gràcia
Pl Rovira i Trias,NaN,NaN,NaN,8024,BARCELONA,la vila de grcia,NaN,Gràcia
Pl Revolució de Setembre 1868,NaN,NaN,NaN,8012,BARCELONA,la vila de grcia,NaN,Gràcia
Pl John Lennon,NaN,NaN,NaN,8012,BARCELONA,la vila de grcia,NaN,Gràcia
Pla Nicolás Salmerón,NaN,NaN,NaN,8012,BARCELONA,la vila de grcia,NaN,Gràcia
C Santa Àgata,NaN,NaN,NaN,8012,BARCELONA,la vila de grcia,NaN,Gràcia
Pl Vila de Gràcia,NaN,NaN,NaN,8012,BARCELONA,la vila de grcia,NaN,Gràcia
C Esteve Terradas,Informació d'interès,E-mail,NaN,8023,BARCELONA,vallcarca i els penitents,40212.0,Gràcia
Pl Lesseps,NaN,NaN,NaN,8023,BARCELONA,la vila de grcia,NaN,Gràcia
Av Santuari St Josep Muntanya,NaN,NaN,NaN,8024,BARCELONA,la salut,NaN,Gràcia
C Berga,NaN,NaN,NaN,8012,BARCELONA,la vila de grcia,NaN,Gràcia
C Torrijos,NaN,NaN,NaN,8012,BARCELONA,la vila de grcia,NaN,Gràcia
C Astúries,NaN,NaN,NaN,8012,BARCELONA,la vila de grcia,NaN,Gràcia
Av República Argentina,NaN,NaN,NaN,8023,BARCELONA,vallcarca i els penitents,NaN,Gràcia
C Or,Variables,Arquitecte(s),NaN,8012,BARCELONA,la vila de grcia,356914.0,Gràcia
C Santa Magdalena,Variables,Arquitecte(s),NaN,8012,BARCELONA,la vila de grcia,356915.0,Gràcia
C Gran de Gràcia,NaN,NaN,NaN,8012,BARCELONA,la vila de grcia,NaN,Gràcia
C Ca l'Alegre de Dalt,Variables,Arquitecte(s),NaN,8024,BARCELONA,el camp den grassot i grcia nova,356916.0,Gràcia
C Or,NaN,NaN,NaN,8012,BARCELONA,la vila de grcia,NaN,Gràcia
C Mare de Déu de la Salut,NaN,NaN,NaN,8024,BARCELONA,la salut,NaN,Gràcia
C Pineda,Variables,Arquitecte(s),NaN,8023,BARCELONA,el coll,353239.0,Gràcia
Av República Argentina,NaN,NaN,NaN,8023,BARCELONA,vallcarca i els penitents,NaN,Gràcia
C Bonavista,NaN,NaN,NaN,8012,BARCELONA,la vila de grcia,NaN,Gràcia
Plaça del Poble Gitano,NaN,NaN,NaN,8012,Barcelona,la vila de grcia,NaN,Gràcia
Av Santuari St Josep Muntanya,NaN,NaN,NaN,8024,BARCELONA,la salut,NaN,Gràcia
C Camèlies,NaN,NaN,NaN,8024,BARCELONA,el camp den grassot i grcia nova,NaN,Gràcia
Rbla Prat,NaN,NaN,NaN,8012,BARCELONA,la vila de grcia,NaN,Gràcia
Pg Mare de Déu del Coll,Informació d'interès,Web,NaN,8023,BARCELONA,el coll,74578.0,Gràcia
Av Santuari St Josep Muntanya,Informació d'interès,E-mail,NaN,8024,BARCELONA,la salut,43131.0,Gràcia
C Josep Torres,NaN,NaN,NaN,8012,BARCELONA,la vila de grcia,NaN,Gràcia
Pl Mons,Variables,Arquitecte(s),NaN,8023,BARCELONA,vallcarca i els penitents,356911.0,Gràcia
C Riera de Sant Miquel,NaN,NaN,NaN,8006,BARCELONA,la vila de grcia,NaN,Gràcia
C Gran de Gràcia,Variables,Arquitecte(s),NaN,8012,BARCELONA,la vila de grcia,356928.0,Gràcia
C Gran de Gràcia,NaN,NaN,NaN,8012,BARCELONA,la vila de grcia,NaN,Gràcia
Pl Joanic,NaN,NaN,NaN,8024,BARCELONA,la vila de grcia,NaN,Gràcia
C Olot,NaN,NaN,NaN,8024,BARCELONA,la salut,NaN,Gràcia
C Gran de Gràcia,NaN,NaN,NaN,8012,BARCELONA,la vila de grcia,NaN,Gràcia
C Gran de Gràcia,Variables,Arquitecte(s),NaN,8012,BARCELONA,la vila de grcia,356912.0,Gràcia
C Pare Laínez,Variables,Arquitecte(s),NaN,8025,BARCELONA,el camp den grassot i grcia nova,356913.0,Gràcia
Pg Gràcia,Informació d'interès,E-mail,NaN,8008,BARCELONA,la vila de grcia,49879.0,Gràcia
C Santuari,Informació d'interès,E-mail,NaN,8032,BARCELONA,el coll,40535.0,Gràcia
Pg Gràcia,Telèfons,Tel.,NaN,8008,BARCELONA,la vila de grcia,202622.0,Gràcia
Pg Gràcia,Variables,Arquitecte(s),NaN,8008,BARCELONA,la vila de grcia,340259.0,Gràcia
C Maspons,Informació d'interès,E-mail,NaN,8012,BARCELONA,la vila de grcia,52042.0,Gràcia
C Císter,Informació d'interès,E-mail,NaN,8022,BARCELONA,sant gervasi la bonanova,40502.0,Sarrià-Sant Gervasi
Carrer d'Isaac Newton,Informació d'interès,E-mail,NaN,8022,Barcelona,sant gervasi la bonanova,46055.0,Sarrià-Sant Gervasi
C Can Caralleu,Informació d'interès,Web,NaN,8017,BARCELONA,sarri,78438.0,Sarrià-Sant Gervasi
C Balmes,Informació d'interès,E-mail,NaN,8006,BARCELONA,sant gervasi galvany,40670.0,Sarrià-Sant Gervasi
Ctra Observatori Fabra,Informació d'interès,E-mail,NaN,8035,BARCELONA,vallvidrera el tibidabo i les planes,43874.0,Sarrià-Sant Gervasi
Carrer de Castelló,Informació d'interès,E-mail,NaN,8021,Barcelona,sant gervasi galvany,52955.0,Sarrià-Sant Gervasi
Sant Gervasi de Cassoles,Telèfons,Tel.,NaN,8022,BARCELONA,sant gervasi la bonanova,194044.0,Sarrià-Sant Gervasi
Pg Santa Eulàlia,Informació d'interès,E-mail,NaN,8017,BARCELONA,sarri,37888.0,Sarrià-Sant Gervasi
Carrer d'Elisa Moragas i Badia,Informació d'interès,E-mail,NaN,8017,Barcelona,vallvidrera el tibidabo i les planes,47368.0,Sarrià-Sant Gervasi
Carrer d'Elisa Moragas i Badia,Informació d'interès,E-mail,NaN,8017,Barcelona,vallvidrera el tibidabo i les planes,47601.0,Sarrià-Sant Gervasi
Carrer de Ganduxer,Informació d'interès,E-mail,NaN,8022,Barcelona,sant gervasi la bonanova,33348.0,Sarrià-Sant Gervasi
Pg Bonanova,NaN,NaN,NaN,8017,BARCELONA,les tres torres,NaN,Sarrià-Sant Gervasi
Carretera de l'Església,Informació d'interès,E-mail,NaN,8017,Barcelona,vallvidrera el tibidabo i les planes,40174.0,Sarrià-Sant Gervasi
Pg Manuel Girona,NaN,NaN,NaN,8034,BARCELONA,sarri,NaN,Sarrià-Sant Gervasi
Av Vallvidrera,Informació d'interès,E-mail,NaN,8017,BARCELONA,sarri,39724.0,Sarrià-Sant Gervasi
Carrer d'Eduardo Conde,Informació d'interès,Web,NaN,8034,Barcelona,sarri,74056.0,Sarrià-Sant Gervasi
C Sant Lluís,NaN,NaN,NaN,8012,BARCELONA,la vila de grcia,NaN,Gràcia
Pg Sant Joan,NaN,NaN,NaN,8037,BARCELONA,el camp den grassot i grcia nova,NaN,Gràcia
C Riera de Sant Miquel,Informació d'interès,E-mail,NaN,8006,BARCELONA,la vila de grcia,43784.0,Gràcia
Carrer de l'Aldea,Informació d'interès,E-mail,NaN,8023,Barcelona,el coll,43063.0,Gràcia
C Torrent de l'Olla,Variables,Arquitecte(s),NaN,8012,BARCELONA,la vila de grcia,356909.0,Gràcia
C Montseny,NaN,NaN,NaN,8012,BARCELONA,la vila de grcia,NaN,Gràcia
C Gran de Gràcia,NaN,NaN,NaN,8012,BARCELONA,la vila de grcia,NaN,Gràcia
C Gran de Gràcia,NaN,NaN,NaN,8012,BARCELONA,la vila de grcia,NaN,Gràcia
Av República Argentina,NaN,NaN,NaN,8023,BARCELONA,vallcarca i els penitents,NaN,Gràcia
Rbla Prat,Variables,Arquitecte(s),NaN,8012,BARCELONA,la vila de grcia,356925.0,Gràcia
C Martínez de la Rosa,NaN,NaN,NaN,8012,BARCELONA,la vila de grcia,NaN,Gràcia
C Providència,Variables,Arquitecte(s),NaN,8024,BARCELONA,la vila de grcia,356926.0,Gràcia
C Verdi,NaN,NaN,NaN,8012,BARCELONA,la vila de grcia,NaN,Gràcia
Pl Sol,NaN,NaN,NaN,8012,BARCELONA,la vila de grcia,NaN,Gràcia
Pg Sant Joan,NaN,NaN,NaN,8037,BARCELONA,el camp den grassot i grcia nova,NaN,Gràcia
C Astúries,Informació d'interès,E-mail,NaN,8024,BARCELONA,la vila de grcia,39911.0,Gràcia
C Santa Creu,Informació d'interès,E-mail,NaN,8024,BARCELONA,la vila de grcia,39938.0,Gràcia
Carrer de Biada,Informació d'interès,E-mail,NaN,8012,Barcelona,la vila de grcia,34871.0,Gràcia
Llança,NaN,NaN,NaN,8015,BARCELONA,la nova esquerra de leixample,NaN,Eixample
Carrer d'Aragó,Informació d'interès,E-mail,NaN,8007,Barcelona,la dreta de leixample,41729.0,Eixample
Carrer de Mallorca,Informació d'interès,Web,NaN,8036,Barcelona,lantiga esquerra de leixample,73748.0,Eixample
C Almogàvers,NaN,NaN,NaN,8018,BARCELONA,el fort pienc,NaN,Eixample
Rda Sant Antoni,Informació d'interès,E-mail,NaN,8011,BARCELONA,sant antoni,50561.0,Eixample
Passatge del Rector Oliveras,Telèfons,Tel.,NaN,8009,Barcelona,la dreta de leixample,207552.0,Eixample
Rbla Catalunya,Telèfons,Tel.,NaN,8007,BARCELONA,la dreta de leixample,153330.0,Eixample
C Girona,Variables,Arquitecte(s),NaN,8009,BARCELONA,la dreta de leixample,353217.0,Eixample
Rbla Catalunya,NaN,NaN,NaN,8008,BARCELONA,la dreta de leixample,NaN,Eixample
C València,Variables,Arquitecte(s),NaN,8009,BARCELONA,la dreta de leixample,353224.0,Eixample
C València,Variables,Arquitecte(s),NaN,8009,BARCELONA,la dreta de leixample,353226.0,Eixample
C Balmes,Variables,Arquitecte(s),NaN,8007,BARCELONA,lantiga esquerra de leixample,353227.0,Eixample
Plaça de les Arts,Informació d'interès,E-mail,NaN,8013,Barcelona,el fort pienc,46384.0,Eixample
Avinguda de Josep Tarradellas,NaN,NaN,NaN,8029,Barcelona,la nova esquerra de leixample,NaN,Eixample
Gran Via de les Corts Catalanes,Informació d'interès,E-mail,NaN,8015,Barcelona,la nova esquerra de leixample,40142.0,Eixample
Carrer de Pau Alsina,Informació d'interès,E-mail,NaN,8024,Barcelona,la salut,35653.0,Gràcia
C Mare de Déu de la Salut,Informació d'interès,E-mail,NaN,8024,BARCELONA,la salut,50259.0,Gràcia
C Sant Antoni Maria Claret,Informació d'interès,E-mail,NaN,8025,BARCELONA,el camp den grassot i grcia nova,39851.0,Gràcia
Carrer de Ros de Olano,Informació d'interès,E-mail,NaN,8012,Barcelona,la vila de grcia,40052.0,Gràcia
Pl Lesseps,Informació d'interès,E-mail,NaN,8023,BARCELONA,vallcarca i els penitents,39540.0,Gràcia
C Carolines,Informació d'interès,E-mail,NaN,8012,BARCELONA,la vila de grcia,40473.0,Gràcia
Av Coll del Portell,NaN,NaN,NaN,8024,BARCELONA,la salut,NaN,Gràcia
Pl Trilla,Telèfons,Tel.,NaN,8012,BARCELONA,la vila de grcia,163472.0,Gràcia
C Sant Salvador,Telèfons,Tel.,NaN,8024,BARCELONA,la vila de grcia,204046.0,Gràcia
C Montseny,NaN,NaN,NaN,8012,BARCELONA,la vila de grcia,NaN,Gràcia
Trav Gràcia,Variables,Any construcció,NaN,8012,BARCELONA,la vila de grcia,322804.0,Gràcia
C Gran de Gràcia,Informació d'interès,E-mail,NaN,8012,BARCELONA,la vila de grcia,43960.0,Gràcia
Carrer d'Olot,Informació d'interès,E-mail,NaN,8024,Barcelona,la salut,40828.0,Gràcia
C Gran de Gràcia,Informació d'interès,E-mail,NaN,8012,BARCELONA,la vila de grcia,46005.0,Gràcia
Pg Bonanova,Informació d'interès,E-mail,NaN,8017,BARCELONA,les tres torres,40227.0,Sarrià-Sant Gervasi
Pg Sant Joan Bosco,Informació d'interès,E-mail,NaN,8017,BARCELONA,les tres torres,39861.0,Sarrià-Sant Gervasi
C Montevideo,Informació d'interès,Web,NaN,8034,BARCELONA,sarri,73852.0,Sarrià-Sant Gervasi
Av Pau Casals,Informació d'interès,Web,NaN,8021,BARCELONA,sant gervasi galvany,73990.0,Sarrià-Sant Gervasi
Ctra Església,Informació d'interès,E-mail,NaN,8017,BARCELONA,vallvidrera el tibidabo i les planes,43482.0,Sarrià-Sant Gervasi
Pl Sant Gregori Taumaturg,Informació d'interès,E-mail,NaN,8021,BARCELONA,sant gervasi galvany,39812.0,Sarrià-Sant Gervasi
Císter,Informació d'interès,E-mail,NaN,8022,BARCELONA,sant gervasi la bonanova,43674.0,Sarrià-Sant Gervasi
Pl Vallvidrera,Informació d'interès,E-mail,NaN,8017,BARCELONA,vallvidrera el tibidabo i les planes,36898.0,Sarrià-Sant Gervasi
C Moià,Informació d'interès,E-mail,NaN,8006,BARCELONA,sant gervasi galvany,39712.0,Sarrià-Sant Gervasi
C Manacor,Informació d'interès,Web,NaN,8023,BARCELONA,el putxet i el farr,93404.0,Sarrià-Sant Gervasi
C Cardenal Sentmenat,NaN,NaN,NaN,8017,BARCELONA,sarri,NaN,Sarrià-Sant Gervasi
Av Tibidabo,Variables,Arquitecte(s),NaN,8022,BARCELONA,sant gervasi la bonanova,340667.0,Sarrià-Sant Gervasi
C Josep Garí,Informació d'interès,Web,NaN,8035,BARCELONA,sant gervasi la bonanova,93847.0,Sarrià-Sant Gervasi
C Tenor Viñas,Telèfons,Tel.,NaN,8021,BARCELONA,sant gervasi galvany,143651.0,Sarrià-Sant Gervasi
C València,Variables,Arquitecte(s),NaN,8007,BARCELONA,la dreta de leixample,353245.0,Eixample
Rambla de Catalunya,Informació d'interès,E-mail,NaN,8007,Barcelona,la dreta de leixample,44265.0,Eixample
Pg Gràcia,Informació d'interès,E-mail,NaN,8007,BARCELONA,la dreta de leixample,44017.0,Eixample
Carrer de los Castillejos,Informació d'interès,Facebook,NaN,8013,Barcelona,el fort pienc,457326.0,Eixample
Carrer de València,Informació d'interès,E-mail,NaN,8007,Barcelona,la dreta de leixample,33370.0,Eixample
Buenos Aires,NaN,NaN,NaN,8036,BARCELONA,lantiga esquerra de leixample,NaN,Eixample
Av Paral·lel,NaN,NaN,NaN,8015,BARCELONA,sant antoni,NaN,Eixample
Av Diagonal,Informació d'interès,E-mail,NaN,8037,BARCELONA,la dreta de leixample,40585.0,Eixample
Carrer del Rosselló,Informació d'interès,Web,NaN,8025,Barcelona,la sagrada famlia,68764.0,Eixample
Rbla Catalunya,Variables,Arquitecte(s),NaN,8007,BARCELONA,la dreta de leixample,353219.0,Eixample
C Roger de Llúria,Variables,Arquitecte(s),NaN,8009,BARCELONA,la dreta de leixample,353223.0,Eixample
Pg Gràcia,NaN,NaN,NaN,8007,BARCELONA,la dreta de leixample,NaN,Eixample
C Balmes,Informació d'interès,E-mail,NaN,8007,BARCELONA,la dreta de leixample,54230.0,Eixample
G.V. Corts Catalanes,Informació d'interès,E-mail,NaN,8015,BARCELONA,la nova esquerra de leixample,55066.0,Eixample
Pl Sarrià,NaN,NaN,NaN,8017,BARCELONA,sarri,NaN,Sarrià-Sant Gervasi
Carretera de Vallvidrera al Tibidabo,Variables,Arquitecte(s),NaN,8035,Barcelona,vallvidrera el tibidabo i les planes,356954.0,Sarrià-Sant Gervasi
Ctra Església,NaN,NaN,NaN,8017,BARCELONA,vallvidrera el tibidabo i les planes,NaN,Sarrià-Sant Gervasi
Via Augusta,NaN,NaN,NaN,8017,BARCELONA,sarri,NaN,Sarrià-Sant Gervasi
Av Tibidabo,Variables,Arquitecte(s),NaN,8022,BARCELONA,sant gervasi la bonanova,356956.0,Sarrià-Sant Gervasi
Av Tibidabo,NaN,NaN,NaN,8022,BARCELONA,sant gervasi la bonanova,NaN,Sarrià-Sant Gervasi
C Sant Gervasi de Cassoles,Informació d'interès,E-mail,NaN,8022,BARCELONA,sant gervasi la bonanova,36518.0,Sarrià-Sant Gervasi
Camí del Cama-sec,NaN,NaN,NaN,8017,Barcelona,vallvidrera el tibidabo i les planes,NaN,Sarrià-Sant Gervasi
Carretera de Vallvidrera al Tibidabo,Variables,Arquitecte(s),NaN,8035,Barcelona,vallvidrera el tibidabo i les planes,356955.0,Sarrià-Sant Gervasi
Carrer de Can Móra,NaN,NaN,NaN,8034,Barcelona,sarri,NaN,Sarrià-Sant Gervasi
C Major de Sarrià,NaN,NaN,NaN,8017,BARCELONA,sarri,NaN,Sarrià-Sant Gervasi
Av Tibidabo,Variables,Arquitecte(s),NaN,8022,BARCELONA,sant gervasi la bonanova,356951.0,Sarrià-Sant Gervasi
C Berlinès,NaN,NaN,NaN,8006,BARCELONA,sant gervasi galvany,NaN,Sarrià-Sant Gervasi
C Saragossa,NaN,NaN,NaN,8006,BARCELONA,el putxet i el farr,NaN,Sarrià-Sant Gervasi
Pl Dones del 36,NaN,NaN,NaN,8012,BARCELONA,la vila de grcia,NaN,Gràcia
Pl Raspall,NaN,NaN,NaN,8012,BARCELONA,la vila de grcia,NaN,Gràcia
C Sant Eudald,Variables,Arquitecte(s),NaN,8023,BARCELONA,el coll,356948.0,Gràcia
Pg Mare de Déu del Coll,NaN,NaN,NaN,8023,BARCELONA,el coll,NaN,Gràcia
Carretera del Carmel,Informació d'interès,E-mail,NaN,8024,Barcelona,la salut,39877.0,Gràcia
Pg Mare de Déu del Coll,Informació d'interès,E-mail,NaN,8023,BARCELONA,vallcarca i els penitents,40671.0,Gràcia
C Francisco Giner,NaN,NaN,NaN,8012,BARCELONA,la vila de grcia,NaN,Gràcia
C Gran de Gràcia,NaN,NaN,NaN,8012,BARCELONA,la vila de grcia,NaN,Gràcia
C Gran de Gràcia,Informació d'interès,E-mail,NaN,8012,BARCELONA,la vila de grcia,53799.0,Gràcia
Pg Sant Joan,Informació d'interès,Facebook,NaN,8037,BARCELONA,el camp den grassot i grcia nova,457229.0,Gràcia
Carrer de Sicília,Informació d'interès,E-mail,NaN,8025,Barcelona,el camp den grassot i grcia nova,39583.0,Gràcia
Pg Sant Joan,Variables,Escultor,NaN,8037,BARCELONA,el camp den grassot i grcia nova,305682.0,Gràcia
Pl Santa Maria,Informació d'interès,E-mail,NaN,8003,BARCELONA,sant pere santa caterina i la ribera,40044.0,Ciutat Vella
Pl Pau Vila,NaN,NaN,NaN,8039,BARCELONA,la barceloneta,NaN,Ciutat Vella
Av Portal de l'Àngel,Informació d'interès,E-mail,NaN,8002,BARCELONA,el barri gtic,43504.0,Ciutat Vella
Plaça Comercial,Informació d'interès,E-mail,NaN,8003,Barcelona,sant pere santa caterina i la ribera,40563.0,Ciutat Vella
C Cera,Informació d'interès,E-mail,NaN,8001,BARCELONA,el raval,44457.0,Ciutat Vella
Carrer Nou de la Rambla,Informació d'interès,E-mail,NaN,8001,Barcelona,el raval,40257.0,Ciutat Vella
C Montalegre,Informació d'interès,E-mail,NaN,8001,BARCELONA,el raval,44351.0,Ciutat Vella
Av Drassanes,Telèfons,Tel.,NaN,8001,BARCELONA,el raval,186246.0,Ciutat Vella
C Montalegre,Informació d'interès,Web,NaN,8001,BARCELONA,el raval,96625.0,Ciutat Vella
Av Portal de l'Àngel,NaN,NaN,NaN,8002,BARCELONA,el barri gtic,NaN,Ciutat Vella
C Nou de la Rambla,Telèfons,Tel.,NaN,8001,BARCELONA,el raval,145936.0,Ciutat Vella
Passeig Marítim de la Barceloneta,Informació d'interès,Web,NaN,8003,Barcelona,la barceloneta,79160.0,Ciutat Vella
Pg Picasso,Informació d'interès,E-mail,NaN,8003,BARCELONA,sant pere santa caterina i la ribera,39303.0,Ciutat Vella
C Junta de Comerç,Informació d'interès,Web,NaN,8001,BARCELONA,el raval,72374.0,Ciutat Vella
la Rambla,Informació d'interès,E-mail,NaN,8002,BARCELONA,el raval,40140.0,Ciutat Vella
Passeig Marítim de la Barceloneta,Informació d'interès,Web,NaN,8003,Barcelona,la barceloneta,74956.0,Ciutat Vella
Moll Espanya,Informació d'interès,E-mail,NaN,8039,BARCELONA,el barri gtic,45101.0,Ciutat Vella
Av Pedralbes,NaN,NaN,NaN,8034,BARCELONA,pedralbes,NaN,Les Corts
G.V. Carles III,NaN,NaN,NaN,8028,BARCELONA,les corts,NaN,Les Corts
Pl Concòrdia,NaN,NaN,NaN,8014,BARCELONA,les corts,NaN,Les Corts
C Lluís Solé i Sabarís,Variables,Arquitecte(s),NaN,8028,BARCELONA,la maternitat i sant ramon,356965.0,Les Corts
C Deu i Mata,Variables,Any construcció,NaN,8029,BARCELONA,les corts,357600.0,Les Corts
C Joan Güell,Informació d'interès,E-mail,NaN,8028,BARCELONA,les corts,54380.0,Les Corts
Plaça de la Concòrdia,Informació d'interès,E-mail,NaN,8014,Barcelona,les corts,41370.0,Les Corts
Av Diagonal,Informació d'interès,Web,NaN,8034,BARCELONA,pedralbes,73855.0,Les Corts
C John M Keynes,NaN,NaN,NaN,8034,BARCELONA,pedralbes,NaN,Les Corts
C Jordi Girona,Informació d'interès,Web,NaN,8034,BARCELONA,pedralbes,95716.0,Les Corts
Av Diagonal,Informació d'interès,E-mail,NaN,8028,BARCELONA,la maternitat i sant ramon,33393.0,Les Corts
C Mejía Lequerica,NaN,NaN,NaN,8028,BARCELONA,la maternitat i sant ramon,NaN,Les Corts
Av Xile,NaN,NaN,NaN,8028,BARCELONA,la maternitat i sant ramon,NaN,Les Corts
C Doctor Salvador Cardenal,NaN,NaN,NaN,8028,BARCELONA,la maternitat i sant ramon,NaN,Les Corts
Pl Fòrum,Informació d'interès,Web,NaN,8019,BARCELONA,el bess i el maresme,96130.0,Sant Martí
Moll Gregal,Informació d'interès,E-mail,NaN,8005,BARCELONA,la vila olmpica del poblenou,43657.0,Sant Martí
Avinguda d'Icària,Informació d'interès,Web,NaN,8005,Barcelona,el poblenou,73598.0,Sant Martí
Plaça de Ramon Calsina,Informació d'interès,Web,NaN,8019,Barcelona,diagonal mar i el front martim del poblenou,82514.0,Sant Martí
Carrer de Huelva,Informació d'interès,E-mail,NaN,8020,Barcelona,sant mart de provenals,33956.0,Sant Martí
C Pallars,Informació d'interès,Web,NaN,8005,BARCELONA,el poblenou,95833.0,Sant Martí
Carrer de Llull,Informació d'interès,Web,NaN,8019,Barcelona,diagonal mar i el front martim del poblenou,80468.0,Sant Martí
Ptge Antoni Gassol,NaN,NaN,NaN,8018,BARCELONA,sant mart de provenals,NaN,Sant Martí
Gran Via de les Corts Catalanes,Informació d'interès,E-mail,NaN,8018,Barcelona,el clot,46861.0,Sant Martí
Pl Glòries Catalanes,Informació d'interès,E-mail,NaN,8038,BARCELONA,el parc i la llacuna del poblenou,56722.0,Sant Martí
Carrer del Segre,Informació d'interès,Web,NaN,8030,Barcelona,sant andreu,94782.0,Sant Andreu
Felip II,NaN,NaN,NaN,8027,BARCELONA,el congrs i els indians,NaN,Sant Andreu
C Gran de Sant Andreu,Informació d'interès,Web,NaN,8030,BARCELONA,sant andreu,68559.0,Sant Andreu
C Santa Marta,Variables,Arquitecte(s),NaN,8030,BARCELONA,sant andreu,356952.0,Sant Andreu
C Fernando Pessoa,NaN,NaN,NaN,8030,BARCELONA,sant andreu,NaN,Sant Andreu
C Gran de Sant Andreu,Informació d'interès,E-mail,NaN,8030,BARCELONA,sant andreu,59116.0,Sant Andreu
C Arquímedes,NaN,NaN,NaN,8030,BARCELONA,sant andreu,NaN,Sant Andreu
C Pons i Gallarza,Informació d'interès,E-mail,NaN,8030,BARCELONA,sant andreu,40783.0,Sant Andreu
C Neopàtria,Informació d'interès,E-mail,NaN,8030,BARCELONA,sant andreu,36796.0,Sant Andreu
Plaça de l'Estació,NaN,NaN,NaN,8030,Barcelona,sant andreu,NaN,Sant Andreu
C Sant Adrià,Informació d'interès,E-mail,NaN,8030,BARCELONA,sant andreu,52696.0,Sant Andreu
Rbla Fabra i Puig,Informació d'interès,Web,NaN,8030,BARCELONA,sant andreu,74725.0,Sant Andreu
Plaça d'Orfila,Informació d'interès,Web,NaN,8030,Barcelona,sant andreu,74376.0,Sant Andreu
C Turó de la Trinitat,Informació d'interès,E-mail,NaN,8033,BARCELONA,la trinitat vella,40569.0,Sant Andreu
C la Rambla,Informació d'interès,E-mail,NaN,8002,BARCELONA,el raval,40564.0,Ciutat Vella
Plaça del Poeta Boscà,Informació d'interès,Facebook,NaN,8003,Barcelona,la barceloneta,457245.0,Ciutat Vella
Carrer la Rambla,Informació d'interès,E-mail,NaN,8002,Barcelona,el raval,43336.0,Ciutat Vella
Passeig de Picasso,Informació d'interès,Web,NaN,8003,Barcelona,sant pere santa caterina i la ribera,73977.0,Ciutat Vella
Pl Sant Agustí Vell,Informació d'interès,E-mail,NaN,8003,BARCELONA,sant pere santa caterina i la ribera,42950.0,Ciutat Vella
C Nou de la Rambla,Informació d'interès,E-mail,NaN,8001,BARCELONA,el raval,51378.0,Ciutat Vella
Moll Pescadors,NaN,NaN,NaN,8039,BARCELONA,la barceloneta,NaN,Ciutat Vella
Passeig Marítim de la Barceloneta,Informació d'interès,Web,NaN,8003,Barcelona,la barceloneta,74960.0,Ciutat Vella
C Lleó,Informació d'interès,E-mail,NaN,8001,BARCELONA,el raval,39282.0,Ciutat Vella
Moll Barcelona,Informació d'interès,Web,NaN,8039,BARCELONA,el raval,70917.0,Ciutat Vella
Carrer de Montcada,Informació d'interès,E-mail,NaN,8003,Barcelona,sant pere santa caterina i la ribera,39545.0,Ciutat Vella
Plaça de la Gardunya,Informació d'interès,E-mail,NaN,8001,Barcelona,el raval,40392.0,Ciutat Vella
Plaça de Salvador Seguí,Informació d'interès,E-mail,NaN,8001,Barcelona,el raval,40779.0,Ciutat Vella
Pg Picasso,Variables,Any construcció,NaN,8003,BARCELONA,sant pere santa caterina i la ribera,335178.0,Ciutat Vella
Passeig Marítim de la Mar Bella,Informació d'interès,Web,NaN,8005,Barcelona,diagonal mar i el front martim del poblenou,74957.0,Sant Martí
C Pere Vergés,Informació d'interès,E-mail,NaN,8020,BARCELONA,la verneda i la pau,33945.0,Sant Martí
Av Diagonal,Variables,Any construcció,NaN,8018,BARCELONA,el parc i la llacuna del poblenou,333343.0,Sant Martí
Pl Mercat,Informació d'interès,Facebook,NaN,8018,BARCELONA,el clot,457315.0,Sant Martí
Pl Unió,Informació d'interès,Facebook,NaN,8005,BARCELONA,el poblenou,482055.0,Sant Martí
Carrer de Batista,Informació d'interès,E-mail,NaN,8005,Barcelona,el poblenou,59607.0,Sant Martí
C Sant Quintí,Informació d'interès,E-mail,NaN,8026,BARCELONA,el camp de larpa del clot,59408.0,Sant Martí
C Roc Boronat,NaN,NaN,NaN,8018,BARCELONA,el parc i la llacuna del poblenou,NaN,Sant Martí
C Selva del Camp,NaN,NaN,NaN,8020,BARCELONA,sant mart de provenals,NaN,Sant Martí
Passeig de Santa Madrona,Informació d'interès,E-mail,NaN,8038,Barcelona,el poblesec,39454.0,Sants-Montjuïc
C Constitució,Informació d'interès,E-mail,NaN,8014,BARCELONA,la bordeta,39901.0,Sants-Montjuïc
Av Paral.lel,Informació d'interès,Web,NaN,8004,BARCELONA,el poblesec,73395.0,Sants-Montjuïc
C Sant Jordi,Informació d'interès,Facebook,NaN,8028,BARCELONA,sants,457309.0,Sants-Montjuïc
Av Estadi,Informació d'interès,Web,NaN,8038,BARCELONA,el poblesec,73887.0,Sants-Montjuïc
C Foneria,Informació d'interès,Web,NaN,8038,BARCELONA,la marina de port,83366.0,Sants-Montjuïc
Carrer del Doctor Font i Quer,Informació d'interès,E-mail,NaN,8038,Barcelona,el poblesec,46846.0,Sants-Montjuïc
Pg Escullera,NaN,NaN,NaN,8039,BARCELONA,la marina del prat vermell,NaN,Sants-Montjuïc
C Melcior de Palau,Informació d'interès,E-mail,NaN,8014,BARCELONA,sants,53022.0,Sants-Montjuïc
Av Reina Maria Cristina,Informació d'interès,E-mail,NaN,8004,BARCELONA,el poblesec,45835.0,Sants-Montjuïc
Plaça de Carles Buïgas,Informació d'interès,Web,NaN,8038,Barcelona,el poblesec,78450.0,Sants-Montjuïc
Avinguda de Francesc Ferrer i Guàrdia,Informació d'interès,E-mail,NaN,8038,Barcelona,el poblesec,45646.0,Sants-Montjuïc
Avinguda de Francesc Ferrer i Guàrdia,Informació d'interès,E-mail,NaN,8038,Barcelona,la font de la guatlla,47522.0,Sants-Montjuïc
Carrer Nou de la Rambla,Informació d'interès,E-mail,NaN,8004,Barcelona,el poblesec,46689.0,Sants-Montjuïc
Av Pearson,NaN,NaN,NaN,8034,BARCELONA,pedralbes,NaN,Les Corts
Pl Monestir,NaN,NaN,NaN,8034,BARCELONA,pedralbes,NaN,Les Corts
Av Joan XXIII,Variables,Arquitecte(s),NaN,8028,BARCELONA,la maternitat i sant ramon,356963.0,Les Corts
C Panamà,Variables,Arquitecte(s),NaN,8034,BARCELONA,pedralbes,356967.0,Les Corts
Travessera de les Corts,Informació d'interès,Facebook,NaN,8028,Barcelona,les corts,457260.0,Les Corts
Avinguda de Joan XXIII,Informació d'interès,E-mail,NaN,8028,Barcelona,la maternitat i sant ramon,40334.0,Les Corts
C Rábida,Informació d'interès,Web,NaN,8034,BARCELONA,pedralbes,96876.0,Les Corts
Av Albert Bastardas,Informació d'interès,Web,NaN,8028,BARCELONA,la maternitat i sant ramon,93454.0,Les Corts
Av Diagonal,Informació d'interès,E-mail,NaN,8029,BARCELONA,les corts,44224.0,Les Corts
Carrer d'Evarist Arnús,Informació d'interès,E-mail,NaN,8014,Barcelona,les corts,56076.0,Les Corts
Carrer de Baldiri Reixac,Informació d'interès,E-mail,NaN,8028,Barcelona,la maternitat i sant ramon,46747.0,Les Corts
Av Pearson,NaN,NaN,NaN,8034,BARCELONA,pedralbes,NaN,Les Corts
C Rector Voltà,Informació d'interès,E-mail,NaN,8034,BARCELONA,sarri,40064.0,Sarrià-Sant Gervasi
Via Augusta,Informació d'interès,E-mail,NaN,8017,BARCELONA,sarri,40104.0,Sarrià-Sant Gervasi
C Bellesguard,Informació d'interès,E-mail,NaN,8022,BARCELONA,sant gervasi la bonanova,40508.0,Sarrià-Sant Gervasi
Pg Sant Gervasi,NaN,NaN,NaN,8022,BARCELONA,sant gervasi la bonanova,NaN,Sarrià-Sant Gervasi
C Isaac Newton,NaN,NaN,NaN,8022,BARCELONA,sant gervasi la bonanova,NaN,Sarrià-Sant Gervasi
Carrer del Doctor Carulla,Informació d'interès,E-mail,NaN,8017,Barcelona,les tres torres,47417.0,Sarrià-Sant Gervasi
Carrer dels Esports,Informació d'interès,E-mail,NaN,8017,Barcelona,sarri,40842.0,Sarrià-Sant Gervasi
Ptge Mallofré,NaN,NaN,NaN,8034,BARCELONA,sarri,NaN,Sarrià-Sant Gervasi
Pl Sant Vicenç de Sarrià,NaN,NaN,NaN,8017,BARCELONA,sarri,NaN,Sarrià-Sant Gervasi
Immaculada,Informació d'interès,Web,NaN,8017,BARCELONA,sant gervasi la bonanova,64648.0,Sarrià-Sant Gervasi
C Avió Plus Ultra,Telèfons,Tel.,NaN,8017,BARCELONA,sarri,222885.0,Sarrià-Sant Gervasi
Camí del Pantà,Informació d'interès,E-mail,NaN,8017,Barcelona,vallvidrera el tibidabo i les planes,54515.0,Sarrià-Sant Gervasi
Ctra Aigües,NaN,NaN,NaN,8017,BARCELONA,vallvidrera el tibidabo i les planes,NaN,Sarrià-Sant Gervasi
Via Augusta,Informació d'interès,E-mail,NaN,8017,BARCELONA,les tres torres,54443.0,Sarrià-Sant Gervasi
Carrer de Jaume Piquet,Informació d'interès,E-mail,NaN,8017,Barcelona,sarri,52318.0,Sarrià-Sant Gervasi
Carrer de Saragossa,Informació d'interès,E-mail,NaN,8006,Barcelona,el putxet i el farr,52187.0,Sarrià-Sant Gervasi
Pl Lesseps,Variables,Arquitecte(s),NaN,8023,BARCELONA,el putxet i el farr,356920.0,Sarrià-Sant Gervasi
Plaça del Tibidabo,Informació d'interès,E-mail,NaN,8035,Barcelona,vallvidrera el tibidabo i les planes,36201.0,Sarrià-Sant Gervasi
Carrer de Muntaner,Informació d'interès,E-mail,NaN,8022,Barcelona,sant gervasi la bonanova,52158.0,Sarrià-Sant Gervasi
C Vergós,Telèfons,Tel.,NaN,8017,BARCELONA,les tres torres,227271.0,Sarrià-Sant Gervasi
C Major de Sarrià,NaN,NaN,NaN,8017,BARCELONA,sarri,NaN,Sarrià-Sant Gervasi
Av Tibidabo,NaN,NaN,NaN,8022,BARCELONA,sant gervasi la bonanova,NaN,Sarrià-Sant Gervasi
Ctra Observatori Fabra,NaN,NaN,NaN,8028,BARCELONA,vallvidrera el tibidabo i les planes,NaN,Sarrià-Sant Gervasi
C Bellesguard,NaN,NaN,NaN,8022,BARCELONA,sant gervasi la bonanova,NaN,Sarrià-Sant Gervasi
C Canet,Informació d'interès,E-mail,NaN,8017,BARCELONA,sarri,44861.0,Sarrià-Sant Gervasi
Pl Lesseps,NaN,NaN,NaN,8023,BARCELONA,el putxet i el farr,NaN,Sarrià-Sant Gervasi
Pl Tibidabo,Telèfons,Tel.,NaN,8035,BARCELONA,vallvidrera el tibidabo i les planes,229561.0,Sarrià-Sant Gervasi
Pl Bonanova,NaN,NaN,NaN,8022,BARCELONA,sant gervasi la bonanova,NaN,Sarrià-Sant Gervasi
Pl Doctor Andreu,NaN,NaN,NaN,8035,BARCELONA,sant gervasi la bonanova,NaN,Sarrià-Sant Gervasi
Pl Joaquim Folguera,NaN,NaN,NaN,8022,BARCELONA,sant gervasi la bonanova,NaN,Sarrià-Sant Gervasi
C Saragossa,Telèfons,Tel.,NaN,8006,BARCELONA,el putxet i el farr,229586.0,Sarrià-Sant Gervasi
Pl Sant Gaietà,NaN,NaN,NaN,8034,BARCELONA,sarri,NaN,Sarrià-Sant Gervasi
Cornet i Mas,Informació d'interès,E-mail,NaN,8017,BARCELONA,sarri,40414.0,Sarrià-Sant Gervasi
C Manacor,Informació d'interès,Web,NaN,8023,BARCELONA,el putxet i el farr,73868.0,Sarrià-Sant Gervasi
Carrer de Muntaner,Informació d'interès,Web,NaN,8006,Barcelona,sant gervasi galvany,73856.0,Sarrià-Sant Gervasi
Av Tibidabo,Informació d'interès,E-mail,NaN,8022,BARCELONA,sant gervasi la bonanova,35282.0,Sarrià-Sant Gervasi
Carrer de l'Actor Morano,Informació d'interès,E-mail,NaN,8017,Barcelona,vallvidrera el tibidabo i les planes,40499.0,Sarrià-Sant Gervasi
Pla Seu,Informació d'interès,E-mail,NaN,8002,BARCELONA,el barri gtic,39983.0,Ciutat Vella
C la Rambla,Informació d'interès,E-mail,NaN,8002,BARCELONA,el raval,39584.0,Ciutat Vella
Pg Marítim de la Barceloneta,Variables,Any de constitució,NaN,8003,BARCELONA,la barceloneta,352823.0,Ciutat Vella
Pl Sant Jaume,Informació d'interès,Web,NaN,8002,BARCELONA,el barri gtic,96160.0,Ciutat Vella
C la Rambla,Informació d'interès,E-mail,NaN,8002,BARCELONA,el raval,36268.0,Ciutat Vella
C Sant Pau,Informació d'interès,E-mail,NaN,8001,BARCELONA,el raval,36319.0,Ciutat Vella
C Rambla,NaN,NaN,NaN,8002,BARCELONA,el barri gtic,NaN,Ciutat Vella
C Ripoll,Informació d'interès,E-mail,NaN,8002,BARCELONA,el barri gtic,55111.0,Ciutat Vella
Rbla Raval,NaN,NaN,NaN,8001,BARCELONA,el raval,NaN,Ciutat Vella
Pl Joan Coromines,Informació d'interès,E-mail,NaN,8001,BARCELONA,el raval,44200.0,Ciutat Vella
Montsió,NaN,NaN,NaN,8002,BARCELONA,el barri gtic,NaN,Ciutat Vella
Pg Born,Informació d'interès,Web,NaN,8003,BARCELONA,sant pere santa caterina i la ribera,95703.0,Ciutat Vella
C Baluard,Informació d'interès,Web,NaN,8003,BARCELONA,la barceloneta,96159.0,Ciutat Vella
Carrer de la Mare de Déu de la Salut,Informació d'interès,E-mail,NaN,8024,Barcelona,la salut,39965.0,Gràcia
C Gràcia,Informació d'interès,E-mail,NaN,8012,BARCELONA,la vila de grcia,39784.0,Gràcia
Plaça de la Llibertat,Informació d'interès,YouTube,NaN,8012,Barcelona,la vila de grcia,507525.0,Gràcia
C Riera de Sant Miquel,Informació d'interès,E-mail,NaN,8006,BARCELONA,la vila de grcia,43143.0,Gràcia
C Fraternitat,NaN,NaN,NaN,8012,BARCELONA,la vila de grcia,NaN,Gràcia
C Martínez de la Rosa,NaN,NaN,NaN,8012,BARCELONA,la vila de grcia,NaN,Gràcia
Pg Mare de Déu del Coll,Informació d'interès,Web,NaN,8023,BARCELONA,el coll,84640.0,Gràcia
Pl Virreina,Informació d'interès,Web,NaN,8024,BARCELONA,la vila de grcia,95482.0,Gràcia
C Gran de Gràcia,NaN,NaN,NaN,8012,BARCELONA,la vila de grcia,NaN,Gràcia
C Francisco Giner,Variables,Arquitecte(s),NaN,8012,BARCELONA,la vila de grcia,356917.0,Gràcia
C Santa Perpètua,NaN,NaN,NaN,8012,BARCELONA,la vila de grcia,NaN,Gràcia
C Gran de Gràcia,Variables,Arquitecte(s),NaN,8012,BARCELONA,la vila de grcia,356922.0,Gràcia
C Sol,Informació d'interès,E-mail,NaN,8012,BARCELONA,la vila de grcia,48052.0,Gràcia
Pg Santa Coloma,NaN,NaN,NaN,8030,BARCELONA,bar de viver,NaN,Sant Andreu
C Andana de l'Estació,NaN,NaN,NaN,8030,BARCELONA,sant andreu,NaN,Sant Andreu
C Segre,Variables,Any inauguració,NaN,8030,BARCELONA,sant andreu,359225.0,Sant Andreu
C Monges,NaN,NaN,NaN,8030,BARCELONA,sant andreu,NaN,Sant Andreu
C Malats,NaN,NaN,NaN,8030,BARCELONA,sant andreu,NaN,Sant Andreu
C Llenguadoc,NaN,NaN,NaN,8030,BARCELONA,sant andreu,NaN,Sant Andreu
C Jordi de Sant Jordi,NaN,NaN,NaN,8027,BARCELONA,el congrs i els indians,NaN,Sant Andreu
C Pons i Gallarza,NaN,NaN,NaN,8030,BARCELONA,sant andreu,NaN,Sant Andreu
C Martí Molins,NaN,NaN,NaN,8027,BARCELONA,la sagrera,NaN,Sant Andreu
Pl Congrés Eucarístic,NaN,NaN,NaN,8027,BARCELONA,el congrs i els indians,NaN,Sant Andreu
Pl Palmeres,NaN,NaN,NaN,8030,BARCELONA,sant andreu,NaN,Sant Andreu
C Bellmunt,NaN,NaN,NaN,8030,BARCELONA,el bon pastor,NaN,Sant Andreu
Plaça del Mercadal,Informació d'interès,Instagram,NaN,8030,Barcelona,sant andreu,468688.0,Sant Andreu
Carrer d'Ignasi Iglésias,Informació d'interès,Web,NaN,8030,Barcelona,sant andreu,74726.0,Sant Andreu
C Mallorca,Variables,Arquitecte(s),NaN,8037,BARCELONA,la dreta de leixample,353232.0,Eixample
Girona,NaN,NaN,NaN,8009,BARCELONA,la dreta de leixample,NaN,Eixample
Carrer de Provença,Informació d'interès,E-mail,NaN,8025,Barcelona,la sagrada famlia,39573.0,Eixample
Pl Catalunya,NaN,NaN,NaN,8002,BARCELONA,la dreta de leixample,NaN,Eixample
Bailèn,NaN,NaN,NaN,8009,BARCELONA,la dreta de leixample,NaN,Eixample
C Casp,Variables,Arquitecte(s),NaN,8010,BARCELONA,la dreta de leixample,303463.0,Eixample
G.V. Corts Catalanes,Variables,Arquitecte(s),NaN,8011,BARCELONA,sant antoni,353210.0,Eixample
Pg Gràcia,Informació d'interès,E-mail,NaN,8008,BARCELONA,la dreta de leixample,40977.0,Eixample
Provença,Informació d'interès,E-mail,NaN,8008,BARCELONA,la dreta de leixample,44978.0,Eixample
Roger de Llúria,Informació d'interès,Web,NaN,8009,BARCELONA,la dreta de leixample,67301.0,Eixample
Ronda de Sant Antoni,NaN,NaN,NaN,8011,Barcelona,sant antoni,NaN,Eixample
Pl Joan Carles I,NaN,NaN,NaN,8008,BARCELONA,la dreta de leixample,NaN,Eixample
C Villarroel,Informació d'interès,Web,NaN,8036,BARCELONA,lantiga esquerra de leixample,72715.0,Eixample
Carrer de Santa Fe,Informació d'interès,E-mail,NaN,8031,Barcelona,vilapicina i la torre llobeta,39635.0,Nou Barris
Passeig de Fabra i Puig,Informació d'interès,E-mail,NaN,8031,Barcelona,el tur de la peira,45110.0,Nou Barris
Plaça de la República,Informació d'interès,Web,NaN,8016,Barcelona,la guineueta,73866.0,Nou Barris
C Portlligat,Informació d'interès,E-mail,NaN,8042,BARCELONA,la trinitat nova,41410.0,Nou Barris
C Rosselló i Porcel,Informació d'interès,Web,NaN,8016,BARCELONA,porta,80001.0,Nou Barris
Passeig de Fabra i Puig,Informació d'interès,Web,NaN,8031,Barcelona,el tur de la peira,73854.0,Nou Barris
Carrer de Piferrer,Informació d'interès,E-mail,NaN,8016,Barcelona,porta,55610.0,Nou Barris
Pl Gas,Variables,Arquitecte(s),NaN,8003,BARCELONA,la barceloneta,344594.0,Ciutat Vella
C Carme,Informació d'interès,E-mail,NaN,8001,BARCELONA,el raval,39413.0,Ciutat Vella
Pl Sant Pere,Informació d'interès,Web,NaN,8003,BARCELONA,sant pere santa caterina i la ribera,412331.0,Ciutat Vella
C Sant Pau,Telèfons,Tel.,NaN,8001,BARCELONA,el raval,161658.0,Ciutat Vella
Pl Pi,Informació d'interès,E-mail,NaN,8002,BARCELONA,el barri gtic,39842.0,Ciutat Vella
Avinguda de les Drassanes,Informació d'interès,E-mail,NaN,8001,Barcelona,el raval,39363.0,Ciutat Vella
Carrer del Comerç,Informació d'interès,E-mail,NaN,8003,Barcelona,sant pere santa caterina i la ribera,33483.0,Ciutat Vella
C Còdols,NaN,NaN,NaN,8002,BARCELONA,el barri gtic,NaN,Ciutat Vella
C Mestres Casals i Martorell,NaN,NaN,NaN,8003,BARCELONA,sant pere santa caterina i la ribera,NaN,Ciutat Vella
C Hospital,Informació d'interès,Web,NaN,8001,BARCELONA,el raval,73672.0,Ciutat Vella
C Pallars,Informació d'interès,E-mail,NaN,8005,BARCELONA,el poblenou,55257.0,Sant Martí
Pl Ernest Lluch i Martín,Variables,Arquitecte(s),NaN,8019,BARCELONA,el bess i el maresme,349359.0,Sant Martí
Pl Font i Sagué,Informació d'interès,Web,NaN,8018,BARCELONA,el clot,95866.0,Sant Martí
Carrer de Pere IV,Informació d'interès,E-mail,NaN,8020,Barcelona,provenals del poblenou,34009.0,Sant Martí
Av Litoral,Informació d'interès,Web,NaN,8005,BARCELONA,el poblenou,78916.0,Sant Martí
C Emília Coranty,Variables,Arquitecte(s),NaN,8018,BARCELONA,provenals del poblenou,356406.0,Sant Martí
Carrer d'Espronceda,Informació d'interès,E-mail,NaN,8018,Barcelona,provenals del poblenou,57009.0,Sant Martí
Carrer de Roc Boronat,Informació d'interès,Web,NaN,8018,Barcelona,el parc i la llacuna del poblenou,96162.0,Sant Martí
C Salvador Espriu,Informació d'interès,Web,NaN,8005,BARCELONA,la vila olmpica del poblenou,96129.0,Sant Martí
G.V. Corts Catalanes,Informació d'interès,E-mail,NaN,8014,BARCELONA,la bordeta,51795.0,Sants-Montjuïc
Passeig de Montjuïc,Informació d'interès,Web,NaN,8038,Barcelona,el poblesec,78510.0,Sants-Montjuïc
Av Paral.lel,Informació d'interès,Web,NaN,8004,BARCELONA,el poblesec,78512.0,Sants-Montjuïc
G.V. Corts Catalanes,Informació d'interès,Web,NaN,8004,BARCELONA,la font de la guatlla,78471.0,Sants-Montjuïc
Pg Olímpic,Informació d'interès,Web,NaN,8038,BARCELONA,el poblesec,77338.0,Sants-Montjuïc
C Canalejas,Informació d'interès,E-mail,NaN,8028,BARCELONA,sants badal,43215.0,Sants-Montjuïc
C Begur,Informació d'interès,Web,NaN,8028,BARCELONA,sants badal,77589.0,Sants-Montjuïc
Carretera de Montjuïc,Informació d'interès,E-mail,NaN,8038,Barcelona,el poblesec,47046.0,Sants-Montjuïc
Pl Països Catalans,Informació d'interès,Web,NaN,8014,BARCELONA,sants,73691.0,Sants-Montjuïc
Passeig Olímpic,Informació d'interès,Web,NaN,8038,Barcelona,el poblesec,78675.0,Sants-Montjuïc
Lleida,Informació d'interès,E-mail,NaN,8004,BARCELONA,el poblesec,41110.0,Sants-Montjuïc
Av Diagonal,Informació d'interès,Web,NaN,8018,BARCELONA,provenals del poblenou,88560.0,Sant Martí
Plaça de Willy Brandt,Informació d'interès,E-mail,NaN,8019,Barcelona,diagonal mar i el front martim del poblenou,48457.0,Sant Martí
C Salvador Espriu,Informació d'interès,E-mail,NaN,8005,BARCELONA,la vila olmpica del poblenou,45498.0,Sant Martí
Av Diagonal,Informació d'interès,E-mail,NaN,8019,BARCELONA,diagonal mar i el front martim del poblenou,34463.0,Sant Martí
Pg Marítim del Bogatell,Informació d'interès,E-mail,NaN,8005,BARCELONA,diagonal mar i el front martim del poblenou,45197.0,Sant Martí
Port Olímpic,Informació d'interès,E-mail,NaN,8005,Barcelona,la vila olmpica del poblenou,43779.0,Sant Martí
Av Diagonal,NaN,NaN,NaN,8036,BARCELONA,lantiga esquerra de leixample,NaN,Eixample
C Padilla,Informació d'interès,E-mail,NaN,8013,BARCELONA,el fort pienc,33936.0,Eixample
Av Diagonal,NaN,NaN,NaN,8013,BARCELONA,la sagrada famlia,NaN,Eixample
G.V. Corts Catalanes,Informació d'interès,Web,NaN,8007,BARCELONA,lantiga esquerra de leixample,73255.0,Eixample
Mallorca,NaN,NaN,NaN,8037,BARCELONA,la dreta de leixample,NaN,Eixample
G.V. Corts Catalanes,Informació d'interès,Web,NaN,8007,BARCELONA,lantiga esquerra de leixample,78384.0,Eixample
Passeig de Gràcia,Informació d'interès,Web,NaN,8008,Barcelona,la dreta de leixample,78861.0,Eixample
Carrer de Lepant,Informació d'interès,E-mail,NaN,8013,Barcelona,el fort pienc,46526.0,Eixample
Carrer d'Aragó,Informació d'interès,Facebook,NaN,8009,Barcelona,la dreta de leixample,457250.0,Eixample
Carrer del Comte d'Urgell,Informació d'interès,Facebook,NaN,8011,Barcelona,sant antoni,457279.0,Eixample
C Mallorca,NaN,NaN,NaN,8037,BARCELONA,la dreta de leixample,NaN,Eixample
C Alí Bei,Informació d'interès,E-mail,NaN,8013,BARCELONA,el fort pienc,45052.0,Eixample
Pg Sant Joan,NaN,NaN,NaN,8037,BARCELONA,la dreta de leixample,NaN,Eixample
Av Diagonal,Informació d'interès,E-mail,NaN,8008,BARCELONA,la dreta de leixample,40407.0,Eixample
Carrer d'Aragó,Informació d'interès,Web,NaN,8015,Barcelona,la nova esquerra de leixample,73848.0,Eixample
C Bruc,Informació d'interès,E-mail,NaN,8009,BARCELONA,la dreta de leixample,40149.0,Eixample
Pg Gràcia,Variables,Arquitecte(s),NaN,8007,BARCELONA,la dreta de leixample,353229.0,Eixample
C Casp,Variables,Any construcció,NaN,8010,BARCELONA,la dreta de leixample,353205.0,Eixample
C Girona,Informació d'interès,Web,NaN,8009,BARCELONA,la dreta de leixample,96399.0,Eixample
Rbla Catalunya,NaN,NaN,NaN,8007,BARCELONA,la dreta de leixample,NaN,Eixample
Rbla Catalunya,Variables,Arquitecte(s),NaN,8008,BARCELONA,la dreta de leixample,353221.0,Eixample
Pg Sant Joan,NaN,NaN,NaN,8037,BARCELONA,la dreta de leixample,NaN,Eixample
C Consell de Cent,NaN,NaN,NaN,8007,BARCELONA,la dreta de leixample,NaN,Eixample
C Comte d'Urgell,NaN,NaN,NaN,8011,BARCELONA,sant antoni,NaN,Eixample
C Garcilaso,NaN,NaN,NaN,8027,BARCELONA,el congrs i els indians,NaN,Sant Andreu
Pg Torras i Bages,NaN,NaN,NaN,8030,BARCELONA,sant andreu,NaN,Sant Andreu
C Monges,Informació d'interès,E-mail,NaN,8030,BARCELONA,sant andreu,39598.0,Sant Andreu
C Pare Manjón,Telèfons,Tel.,NaN,8033,BARCELONA,la trinitat vella,221210.0,Sant Andreu
C Pons i Gallarza,NaN,NaN,NaN,8030,BARCELONA,sant andreu,NaN,Sant Andreu
C Gran de Sant Andreu,Telèfons,Tel.,NaN,8030,BARCELONA,sant andreu,229534.0,Sant Andreu
Carretera de Ribes,Informació d'interès,E-mail,NaN,8033,Barcelona,la trinitat vella,55157.0,Sant Andreu
Pl Orfila,NaN,NaN,NaN,8030,BARCELONA,sant andreu,NaN,Sant Andreu
C Estadella,Informació d'interès,Web,NaN,8030,BARCELONA,el bon pastor,96128.0,Sant Andreu
C Concepción Arenal,Informació d'interès,E-mail,NaN,8027,BARCELONA,el congrs i els indians,57887.0,Sant Andreu
Pg Santa Coloma,Informació d'interès,Web,NaN,8030,BARCELONA,sant andreu,77581.0,Sant Andreu
C Cienfuegos,NaN,NaN,NaN,8027,BARCELONA,el congrs i els indians,NaN,Sant Andreu
C Matanzas,NaN,NaN,NaN,8027,BARCELONA,el congrs i els indians,NaN,Sant Andreu
C Ciutat d'Elx,Informació d'interès,Web,NaN,8027,BARCELONA,la sagrera,95661.0,Sant Andreu
Pg Vall d'Hebron,Informació d'interès,E-mail,NaN,8035,BARCELONA,horta,40926.0,Horta-Guinardó
Pg Maragall,NaN,NaN,NaN,8032,BARCELONA,la font den fargues,NaN,Horta-Guinardó
Pl Can Baró,NaN,NaN,NaN,8024,BARCELONA,can bar,NaN,Horta-Guinardó
Pla Montbau,NaN,NaN,NaN,8035,BARCELONA,montbau,NaN,Horta-Guinardó
Pg Vall d'Hebron,Variables,Arquitecte(s),NaN,8035,BARCELONA,sant gens dels agudells,335458.0,Horta-Guinardó
Carrer de Dante Alighieri,Informació d'interès,E-mail,NaN,8032,Barcelona,horta,58917.0,Horta-Guinardó
Ctra Carmel,Informació d'interès,Web,NaN,8024,BARCELONA,el carmel,79607.0,Horta-Guinardó
Passatge d'Andalet,Informació d'interès,E-mail,NaN,8032,Barcelona,el carmel,48865.0,Horta-Guinardó
C Marina,Informació d'interès,Web,NaN,8025,BARCELONA,el baix guinard,78509.0,Horta-Guinardó
Camí Polvorí,Informació d'interès,E-mail,NaN,8038,BARCELONA,la marina de port,51697.0,Sants-Montjuïc
Passeig de Santa Madrona,Informació d'interès,E-mail,NaN,8038,Barcelona,el poblesec,39359.0,Sants-Montjuïc
C Mirador Palau Nacional,Informació d'interès,E-mail,NaN,8004,BARCELONA,el poblesec,44920.0,Sants-Montjuïc
Pg Minici Natal,Informació d'interès,E-mail,NaN,8038,BARCELONA,el poblesec,43528.0,Sants-Montjuïc
C Aviador Ruiz de Alda,NaN,NaN,NaN,8038,BARCELONA,la marina de port,NaN,Sants-Montjuïc
C Lleida,Informació d'interès,E-mail,NaN,8004,BARCELONA,el poblesec,58794.0,Sants-Montjuïc
C Ferrocarrils Catalans,NaN,NaN,NaN,8038,BARCELONA,el poblesec,NaN,Sants-Montjuïc
Carretera de Montjuïc,Informació d'interès,Web,NaN,8038,Barcelona,el poblesec,65659.0,Sants-Montjuïc
C Segura,Variables,Any construcció,NaN,8038,BARCELONA,la marina de port,352142.0,Sants-Montjuïc
Pl Espanya,NaN,NaN,NaN,8004,BARCELONA,el poblesec,NaN,Sants-Montjuïc
C Blai,Informació d'interès,Web,NaN,8004,BARCELONA,el poblesec,95557.0,Sants-Montjuïc
Av Estadi,Informació d'interès,Web,NaN,8038,BARCELONA,el poblesec,76845.0,Sants-Montjuïc
Avinguda de la Reina Maria Cristina,NaN,NaN,NaN,8004,Barcelona,el poblesec,NaN,Sants-Montjuïc
C Girona,Variables,Arquitecte(s),NaN,8009,BARCELONA,la dreta de leixample,353208.0,Eixample
Rbla Catalunya,NaN,NaN,NaN,8008,BARCELONA,la dreta de leixample,NaN,Eixample
G.V. Corts Catalanes,Informació d'interès,E-mail,NaN,8007,BARCELONA,la dreta de leixample,36471.0,Eixample
Diputació,Variables,Arquitecte(s),NaN,8007,BARCELONA,la dreta de leixample,322253.0,Eixample
Carrer d'Aragó,Informació d'interès,E-mail,NaN,8007,Barcelona,la dreta de leixample,44630.0,Eixample
Av Diagonal,Telèfons,No tenen telèfon,NaN,8037,BARCELONA,la dreta de leixample,130386.0,Eixample
C Casp,Informació d'interès,E-mail,NaN,8010,BARCELONA,la dreta de leixample,34299.0,Eixample
Rosselló,Variables,Expedient hisenda,NaN,8029,BARCELONA,la nova esquerra de leixample,260056.0,Eixample
Carrer d'Entença,Informació d'interès,Web,NaN,8029,Barcelona,la nova esquerra de leixample,73754.0,Eixample
Pg Gràcia,Informació d'interès,E-mail,NaN,8007,BARCELONA,la dreta de leixample,39568.0,Eixample
Av Diagonal,NaN,NaN,NaN,8028,BARCELONA,la maternitat i sant ramon,NaN,Les Corts
C Sabino Arana,NaN,NaN,NaN,8028,BARCELONA,la maternitat i sant ramon,NaN,Les Corts
C Doctor Ibáñez,Informació d'interès,E-mail,NaN,8014,BARCELONA,les corts,57496.0,Les Corts
C Berlín,NaN,NaN,NaN,8029,BARCELONA,les corts,NaN,Les Corts
C Castells,NaN,NaN,NaN,8029,BARCELONA,les corts,NaN,Les Corts
Pl Comas,NaN,NaN,NaN,8028,BARCELONA,les corts,NaN,Les Corts
Pl Reina Maria Cristina,NaN,NaN,NaN,8034,BARCELONA,pedralbes,NaN,Les Corts
Pl Ramon M. Roca Sastre,Variables,Any inauguració,NaN,8028,BARCELONA,la maternitat i sant ramon,356962.0,Les Corts
C Torre Melina,NaN,NaN,NaN,8028,BARCELONA,la maternitat i sant ramon,NaN,Les Corts
Avinguda de Pedralbes,Telèfons,Tel.,NaN,8034,Barcelona,pedralbes,135233.0,Les Corts
C Torrent de les Roses,NaN,NaN,NaN,8034,BARCELONA,pedralbes,NaN,Les Corts
Pg Gràcia,Informació d'interès,E-mail,NaN,8007,BARCELONA,la dreta de leixample,411717.0,Eixample
Pg Gràcia,Variables,Arquitecte(s),NaN,8008,BARCELONA,la dreta de leixample,353233.0,Eixample
Rbla Catalunya,Variables,Arquitecte(s),NaN,8008,BARCELONA,la dreta de leixample,353235.0,Eixample
C Comte d'Urgell,Telèfons,Tel.,NaN,8036,BARCELONA,la nova esquerra de leixample,224340.0,Eixample
Pg Gràcia,Variables,merce-eq-destacat,NaN,8008,BARCELONA,la dreta de leixample,423832.0,Eixample
Pg Sant Joan,Variables,Arquitecte(s),NaN,8010,BARCELONA,el fort pienc,353203.0,Eixample
Pg Gràcia,Variables,Arquitecte(s),NaN,8007,BARCELONA,la dreta de leixample,353206.0,Eixample
Pg Gràcia,Variables,Arquitecte(s),NaN,8007,BARCELONA,la dreta de leixample,353212.0,Eixample
C Girona,Variables,Arquitecte(s),NaN,8009,BARCELONA,la dreta de leixample,353215.0,Eixample
C Sant Adrià,Informació d'interès,E-mail,NaN,8030,BARCELONA,sant andreu,56912.0,Sant Andreu
Pl Comerç,NaN,NaN,NaN,8030,BARCELONA,sant andreu,NaN,Sant Andreu
Carrer de l'Abat Odó,Informació d'interès,E-mail,NaN,8030,Barcelona,sant andreu,43809.0,Sant Andreu
Gran de Sant Andreu,Telèfons,Tel.,NaN,8030,BARCELONA,sant andreu,159744.0,Sant Andreu
C Sagrera,Informació d'interès,Web,NaN,8027,BARCELONA,la sagrera,74304.0,Sant Andreu
C Arquímedes,Informació d'interès,E-mail,NaN,8030,BARCELONA,sant andreu,51311.0,Sant Andreu
C Francesc Tàrrega,Informació d'interès,Web,NaN,8027,BARCELONA,el congrs i els indians,67865.0,Sant Andreu
Pl Comerç,Informació d'interès,Web,NaN,8030,BARCELONA,sant andreu,96164.0,Sant Andreu
C Concepción Arenal,NaN,NaN,NaN,8030,BARCELONA,sant andreu,NaN,Sant Andreu
C Virgili,Informació d'interès,E-mail,NaN,8030,BARCELONA,sant andreu,51360.0,Sant Andreu
C Gran de Sant Andreu,NaN,NaN,NaN,8030,BARCELONA,sant andreu,NaN,Sant Andreu
Cuba,Informació d'interès,E-mail,NaN,8030,BARCELONA,sant andreu,44289.0,Sant Andreu
C Cardenal Tedeschini,NaN,NaN,NaN,8027,BARCELONA,el congrs i els indians,NaN,Sant Andreu
C Cros,NaN,NaN,NaN,8014,BARCELONA,sants,NaN,Sants-Montjuïc
Av Estadi,Informació d'interès,E-mail,NaN,8038,BARCELONA,el poblesec,43766.0,Sants-Montjuïc
Passeig de la Zona Franca,Informació d'interès,Web,NaN,8038,Barcelona,la marina de port,76875.0,Sants-Montjuïc
C Sants,NaN,NaN,NaN,8028,BARCELONA,sants,NaN,Sants-Montjuïc
C Mineria,Informació d'interès,Web,NaN,8038,BARCELONA,la marina de port,74962.0,Sants-Montjuïc
Pl Bonet i Muixí,NaN,NaN,NaN,8014,BARCELONA,sants,NaN,Sants-Montjuïc
Av Rius i Taulet,Variables,Arquitecte(s),NaN,8004,BARCELONA,el poblesec,356947.0,Sants-Montjuïc
Pl Sortidor,NaN,NaN,NaN,8004,BARCELONA,el poblesec,NaN,Sants-Montjuïc
C Mare de Déu de Port,NaN,NaN,NaN,8038,BARCELONA,el poblesec,NaN,Sants-Montjuïc
C López Catalán,NaN,NaN,NaN,8014,BARCELONA,sants,NaN,Sants-Montjuïc
Carrer de la Creu Coberta,Informació d'interès,Facebook,NaN,8014,Barcelona,hostafrancs,457216.0,Sants-Montjuïc
Carrer del Rector Triadó,Informació d'interès,E-mail,NaN,8014,Barcelona,hostafrancs,39678.0,Sants-Montjuïc
Pg Santa Madrona,Informació d'interès,Web,NaN,8038,BARCELONA,el poblesec,72528.0,Sants-Montjuïc
Av Estatut de Catalunya,Informació d'interès,E-mail,NaN,8035,BARCELONA,horta,44644.0,Horta-Guinardó
Rda Guinardó,NaN,NaN,NaN,8024,BARCELONA,el baix guinard,NaN,Horta-Guinardó
Pg Vall d'Hebron,Informació d'interès,Web,NaN,8007,BARCELONA,montbau,76872.0,Horta-Guinardó
C Saldes,Informació d'interès,E-mail,NaN,8035,BARCELONA,sant gens dels agudells,40442.0,Horta-Guinardó
Jorge Manrique,NaN,NaN,NaN,8035,BARCELONA,la vall dhebron,NaN,Horta-Guinardó
Judea,Informació d'interès,E-mail,NaN,8035,BARCELONA,sant gens dels agudells,44073.0,Horta-Guinardó
Carrer del Tajo,Informació d'interès,E-mail,NaN,8032,Barcelona,horta,40606.0,Horta-Guinardó
Pl Alfons el Savi,Informació d'interès,Web,NaN,8024,BARCELONA,el baix guinard,73870.0,Horta-Guinardó
Garriga i Roca,Informació d'interès,Web,NaN,8041,BARCELONA,el guinard,73847.0,Horta-Guinardó
Passeig dels Castanyers,Informació d'interès,Web,NaN,8035,Barcelona,montbau,73867.0,Horta-Guinardó
Av Diagonal,Telèfons,No tenen telèfon,NaN,8034,BARCELONA,pedralbes,185025.0,Les Corts
Av Sant Ramon Nonat,NaN,NaN,NaN,8028,BARCELONA,la maternitat i sant ramon,NaN,Les Corts
Pl Pedralbes,NaN,NaN,NaN,8034,BARCELONA,pedralbes,NaN,Les Corts
Pg Til·lers,NaN,NaN,NaN,8034,BARCELONA,pedralbes,NaN,Les Corts
C Sor Eulàlia d'Anzizu,NaN,NaN,NaN,8034,BARCELONA,pedralbes,NaN,Les Corts
Ptge Tubella,NaN,NaN,NaN,8014,BARCELONA,les corts,NaN,Les Corts
Av Joan XXIII,NaN,NaN,NaN,8028,BARCELONA,la maternitat i sant ramon,NaN,Les Corts
Carrer dels Comtes de Bell-lloc,Informació d'interès,E-mail,NaN,8014,Barcelona,les corts,40046.0,Les Corts
Av Diagonal,Informació d'interès,E-mail,NaN,8034,BARCELONA,pedralbes,39886.0,Les Corts
Pl Mercè,Informació d'interès,E-mail,NaN,8002,BARCELONA,el barri gtic,39691.0,Ciutat Vella
C Quintana,NaN,NaN,NaN,8002,BARCELONA,el barri gtic,NaN,Ciutat Vella
C Atlàntida,NaN,NaN,NaN,8003,BARCELONA,la barceloneta,NaN,Ciutat Vella
C Pou de la Figuera,NaN,NaN,NaN,8003,BARCELONA,sant pere santa caterina i la ribera,NaN,Ciutat Vella
Pla Palau,NaN,NaN,NaN,8003,BARCELONA,sant pere santa caterina i la ribera,NaN,Ciutat Vella
C Sant Pau,Informació d'interès,E-mail,NaN,8001,BARCELONA,el raval,36118.0,Ciutat Vella
C Carders,Informació d'interès,E-mail,NaN,8003,BARCELONA,sant pere santa caterina i la ribera,55286.0,Ciutat Vella
Pg Salvat Papasseit,Informació d'interès,E-mail,NaN,8003,BARCELONA,la barceloneta,46859.0,Ciutat Vella
C Cermeño,Informació d'interès,E-mail,NaN,8003,BARCELONA,la barceloneta,58638.0,Ciutat Vella
C Rambla,NaN,NaN,NaN,8002,BARCELONA,el barri gtic,NaN,Ciutat Vella
C Riereta,NaN,NaN,NaN,8001,BARCELONA,el raval,NaN,Ciutat Vella
C Jonqueres,NaN,NaN,NaN,8003,BARCELONA,sant pere santa caterina i la ribera,NaN,Ciutat Vella
C Tallers,NaN,NaN,NaN,8001,BARCELONA,el raval,NaN,Ciutat Vella
Camí Can Clos,Informació d'interès,Web,NaN,8038,BARCELONA,la marina de port,80180.0,Sants-Montjuïc
Pl Joan Corrades,NaN,NaN,NaN,8014,BARCELONA,hostafrancs,NaN,Sants-Montjuïc
Pl Setge de 1714,NaN,NaN,NaN,8004,BARCELONA,el poblesec,NaN,Sants-Montjuïc
C Font Honrada,Informació d'interès,E-mail,NaN,8004,BARCELONA,el poblesec,39377.0,Sants-Montjuïc
Avinguda de Miramar,Informació d'interès,E-mail,NaN,8038,Barcelona,el poblesec,39358.0,Sants-Montjuïc
C Tapioles,Informació d'interès,E-mail,NaN,8004,BARCELONA,el poblesec,39425.0,Sants-Montjuïc
Avinguda de la Reina Maria Cristina,Informació d'interès,E-mail,NaN,8004,Barcelona,el poblesec,37371.0,Sants-Montjuïc
Carrer de la Mare de Déu de Port,Informació d'interès,E-mail,NaN,8038,Barcelona,el poblesec,40335.0,Sants-Montjuïc
C Alcolea,Informació d'interès,E-mail,NaN,8014,BARCELONA,sants,33828.0,Sants-Montjuïc
Plaça de Dante,Informació d'interès,Web,NaN,8038,Barcelona,el poblesec,81684.0,Sants-Montjuïc
Av Miramar,Informació d'interès,Web,NaN,8038,BARCELONA,el poblesec,73667.0,Sants-Montjuïc
Pl Margarida Xirgu,Informació d'interès,E-mail,NaN,8004,BARCELONA,el poblesec,40635.0,Sants-Montjuïc
Carrer de Sants,Informació d'interès,E-mail,NaN,8014,Barcelona,sants,39646.0,Sants-Montjuïc
Carrer de la Creu Coberta,Informació d'interès,Web,NaN,8014,Barcelona,hostafrancs,74272.0,Sants-Montjuïc
Av Estadi,Informació d'interès,E-mail,NaN,8038,BARCELONA,el poblesec,41678.0,Sants-Montjuïc
Av Esplugues,Informació d'interès,E-mail,NaN,8034,BARCELONA,pedralbes,40354.0,Les Corts
C Vallespir,NaN,NaN,NaN,8014,BARCELONA,les corts,NaN,Les Corts
Baixada del Monestir,Informació d'interès,E-mail,NaN,8034,Barcelona,pedralbes,40103.0,Les Corts
C Bosch i Gimpera,Informació d'interès,E-mail,NaN,8034,BARCELONA,pedralbes,40215.0,Les Corts
Carrer d'Arístides Maillol,Informació d'interès,E-mail,NaN,8028,Barcelona,la maternitat i sant ramon,43269.0,Les Corts
Jordi Girona,Informació d'interès,E-mail,NaN,8034,BARCELONA,pedralbes,45973.0,Les Corts
Carrer de Dolors Masferrer i Bosch,Informació d'interès,E-mail,NaN,8028,Barcelona,les corts,47132.0,Les Corts
Av Exèrcit,Telèfons,Tel.,NaN,8034,BARCELONA,pedralbes,162058.0,Les Corts
C Sor Eulàlia d'Anzizu,Informació d'interès,E-mail,NaN,8034,BARCELONA,pedralbes,41017.0,Les Corts
C Aristides Maillol,Informació d'interès,Web,NaN,8028,BARCELONA,la maternitat i sant ramon,78548.0,Les Corts
C Ramon Trias Fargas,Informació d'interès,E-mail,NaN,8005,BARCELONA,la vila olmpica del poblenou,57030.0,Sant Martí
C Ciutat de Granada,Informació d'interès,E-mail,NaN,8018,BARCELONA,el parc i la llacuna del poblenou,44009.0,Sant Martí
Carrer de Roc Boronat,Informació d'interès,E-mail,NaN,8018,Barcelona,el parc i la llacuna del poblenou,53983.0,Sant Martí
Carrer de Mejía Lequerica,Informació d'interès,E-mail,NaN,8028,Barcelona,la maternitat i sant ramon,52217.0,Les Corts
Av Sant Ramon Nonat,Informació d'interès,E-mail,NaN,8028,BARCELONA,la maternitat i sant ramon,39788.0,Les Corts
Av Diagonal,Informació d'interès,Web,NaN,8034,BARCELONA,pedralbes,74057.0,Les Corts
Av Pedralbes,Informació d'interès,E-mail,NaN,8034,BARCELONA,pedralbes,40717.0,Les Corts
Camí Finestrelles,NaN,NaN,NaN,8034,BARCELONA,pedralbes,NaN,Les Corts
Pl Concòrdia,Informació d'interès,Web,NaN,8014,BARCELONA,les corts,96115.0,Les Corts
Carrer de Martí i Franquès,NaN,NaN,NaN,8028,Barcelona,la maternitat i sant ramon,NaN,Les Corts
Av Sarrià,NaN,NaN,NaN,8029,BARCELONA,les corts,NaN,Les Corts
C Jordi Girona,Informació d'interès,E-mail,NaN,8034,BARCELONA,pedralbes,43835.0,Les Corts
Av Estatut de Catalunya,Informació d'interès,Web,NaN,8035,BARCELONA,la clota,93456.0,Horta-Guinardó
C Campoamor,NaN,NaN,NaN,8031,BARCELONA,horta,NaN,Horta-Guinardó
Ctra Aigües,NaN,NaN,NaN,8035,BARCELONA,sant gens dels agudells,NaN,Horta-Guinardó
Av Can Marcet,Informació d'interès,E-mail,NaN,8035,BARCELONA,la vall dhebron,37582.0,Horta-Guinardó
C Pedrell,Informació d'interès,E-mail,NaN,8032,BARCELONA,la font den fargues,40015.0,Horta-Guinardó
C Sant Quintí,Informació d'interès,E-mail,NaN,8041,BARCELONA,el guinard,39580.0,Horta-Guinardó
Ronda del Guinardó,Informació d'interès,E-mail,NaN,8041,Barcelona,el guinard,39639.0,Horta-Guinardó
Plaça de Josep Maria Huertas Claveria,Informació d'interès,E-mail,NaN,8005,Barcelona,el poblenou,42982.0,Sant Martí
Av Diagonal,Informació d'interès,E-mail,NaN,8018,BARCELONA,el parc i la llacuna del poblenou,48148.0,Sant Martí
Pl Glòries Catalanes,Variables,Arquitecte(s),NaN,8018,BARCELONA,el parc i la llacuna del poblenou,322863.0,Sant Martí
C Pujades,Informació d'interès,E-mail,NaN,8005,BARCELONA,el poblenou,38296.0,Sant Martí
Carrer de Muntadas,Informació d'interès,Web,NaN,8014,Barcelona,sants,74225.0,Sants-Montjuïc
C Colònia Bausili,NaN,NaN,NaN,8038,BARCELONA,la marina del prat vermell,NaN,Sants-Montjuïc
Av Estadi,NaN,NaN,NaN,8038,BARCELONA,el poblesec,NaN,Sants-Montjuïc
C Callao,Informació d'interès,E-mail,NaN,8014,BARCELONA,hostafrancs,40682.0,Sants-Montjuïc
Pg Zona Franca,Informació d'interès,E-mail,NaN,8038,BARCELONA,la marina del prat vermell,40226.0,Sants-Montjuïc
G.V. Corts Catalanes,Informació d'interès,E-mail,NaN,8014,BARCELONA,la bordeta,56504.0,Sants-Montjuïc
Carrer de Vila i Vilà,Informació d'interès,E-mail,NaN,8004,Barcelona,el poblesec,52174.0,Sants-Montjuïc
Pg Migdia,Informació d'interès,Web,NaN,8038,BARCELONA,el poblesec,95081.0,Sants-Montjuïc
C Mare de Déu de Port,Informació d'interès,E-mail,NaN,8038,BARCELONA,la marina de port,60554.0,Sants-Montjuïc
C Creu Coberta,Informació d'interès,Web,NaN,8014,BARCELONA,hostafrancs,95556.0,Sants-Montjuïc
Rbla Fabra i Puig,Telèfons,Tel.,NaN,8030,BARCELONA,sant andreu,229551.0,Sant Andreu
Carrer Gran de Sant Andreu,Informació d'interès,E-mail,NaN,8030,Barcelona,sant andreu,38474.0,Sant Andreu
Pl Masadas,NaN,NaN,NaN,8027,BARCELONA,la sagrera,NaN,Sant Andreu
Pg Torras i Bages,NaN,NaN,NaN,8030,BARCELONA,sant andreu,NaN,Sant Andreu
Passeig de Torras i Bages,Informació d'interès,E-mail,NaN,8030,Barcelona,sant andreu,55439.0,Sant Andreu
Carrer Gran de Sant Andreu,Telèfons,Tel.,NaN,8030,Barcelona,sant andreu,142467.0,Sant Andreu
C Fulton,Informació d'interès,Web,NaN,8032,BARCELONA,horta,95717.0,Horta-Guinardó
Pg Vall d'Hebron,Informació d'interès,Web,NaN,8035,BARCELONA,montbau,95719.0,Horta-Guinardó
C Vayreda,NaN,NaN,NaN,8035,BARCELONA,montbau,NaN,Horta-Guinardó
Ctra Sant Cugat,Informació d'interès,Web,NaN,8035,BARCELONA,sant gens dels agudells,65140.0,Horta-Guinardó
C Padilla,Informació d'interès,E-mail,NaN,8025,BARCELONA,el baix guinard,45939.0,Horta-Guinardó
C Dante Alighieri,Telèfons,Tel.,NaN,8032,BARCELONA,el carmel,227183.0,Horta-Guinardó
C Capcir,NaN,NaN,NaN,8035,BARCELONA,la clota,NaN,Horta-Guinardó
Rbla Carmel,Informació d'interès,Web,NaN,8032,BARCELONA,el carmel,75212.0,Horta-Guinardó
C Jorge Manrique,NaN,NaN,NaN,8035,BARCELONA,la vall dhebron,NaN,Horta-Guinardó
Pg Vall d'Hebron,Informació d'interès,E-mail,NaN,8035,BARCELONA,montbau,43990.0,Horta-Guinardó
Pg Vall d'Hebron,Informació d'interès,Web,NaN,8035,BARCELONA,montbau,73629.0,Horta-Guinardó
Pl Josep Pallach,Telèfons,Tel.,NaN,8035,BARCELONA,la vall dhebron,172848.0,Horta-Guinardó
C Jorge Manrique,Informació d'interès,E-mail,NaN,8035,BARCELONA,la vall dhebron,41256.0,Horta-Guinardó
Plaça del Cementiri d'Horta,Informació d'interès,E-mail,NaN,8035,Barcelona,horta,40333.0,Horta-Guinardó
Carrer de Sant Antoni Maria Claret,Informació d'interès,E-mail,NaN,8025,Barcelona,el guinard,40587.0,Horta-Guinardó
Saldes,Telèfons,Tel.,NaN,8035,BARCELONA,sant gens dels agudells,162054.0,Horta-Guinardó
Rambla de la Muntanya,Informació d'interès,E-mail,NaN,8041,Barcelona,el guinard,33439.0,Horta-Guinardó
Av Cardenal Vidal i Barraquer,Informació d'interès,E-mail,NaN,8035,BARCELONA,la vall dhebron,57147.0,Horta-Guinardó
Plaça d'en Xandri,NaN,NaN,NaN,8030,Barcelona,sant andreu,NaN,Sant Andreu
C Pons i Gallarza,Variables,Arquitecte(s),NaN,8030,BARCELONA,sant andreu,353200.0,Sant Andreu
C Coroleu,NaN,NaN,NaN,8030,BARCELONA,sant andreu,NaN,Sant Andreu
Pl Estació,Informació d'interès,Web,NaN,8030,BARCELONA,sant andreu,66870.0,Sant Andreu
Passeig de l'Havana,Informació d'interès,Web,NaN,8030,Barcelona,el bon pastor,64248.0,Sant Andreu
Carrer Gran de Sant Andreu,Telèfons,Tel.,NaN,8030,Barcelona,sant andreu,142462.0,Sant Andreu
Carrer de Roc Boronat,Informació d'interès,Web,NaN,8018,Barcelona,el parc i la llacuna del poblenou,96089.0,Sant Martí
Pg Marítim del Bogatell,Informació d'interès,Web,NaN,8005,BARCELONA,el poblenou,76326.0,Sant Martí
Escultors Claperós,Informació d'interès,Web,NaN,8018,BARCELONA,el clot,74305.0,Sant Martí
Passeig Marítim del Bogatell,NaN,NaN,NaN,8005,Barcelona,el poblenou,NaN,Sant Martí
C Menorca,Informació d'interès,Web,NaN,8020,BARCELONA,sant mart de provenals,75015.0,Sant Martí
Carrer de la Llacuna,NaN,NaN,NaN,8005,Barcelona,el poblenou,NaN,Sant Martí
C Lleida,Informació d'interès,E-mail,NaN,8004,BARCELONA,el poblesec,43227.0,Sants-Montjuïc
Premià,Telèfons,Tel.,NaN,8014,BARCELONA,sants,194451.0,Sants-Montjuïc
C Nou de la Rambla,Informació d'interès,Web,NaN,8004,BARCELONA,el poblesec,88297.0,Sants-Montjuïc
Ctra Miramar,Informació d'interès,Web,NaN,8038,BARCELONA,el poblesec,87660.0,Sants-Montjuïc
C Jane Addams,Informació d'interès,E-mail,NaN,8038,BARCELONA,la marina de port,55376.0,Sants-Montjuïc
Pl Margarida Xirgu,Informació d'interès,E-mail,NaN,8004,BARCELONA,el poblesec,35681.0,Sants-Montjuïc
Pl Santa Madrona,NaN,NaN,NaN,8004,BARCELONA,el poblesec,NaN,Sants-Montjuïc
Pg Santa Madrona,Informació d'interès,Web,NaN,8038,BARCELONA,el poblesec,81274.0,Sants-Montjuïc
Av Cardenal Vidal Barraquer,Informació d'interès,E-mail,NaN,8035,BARCELONA,la clota,41187.0,Horta-Guinardó
Pl Nen de la Rutlla,NaN,NaN,NaN,8041,BARCELONA,el guinard,NaN,Horta-Guinardó
C Mühlberg,NaN,NaN,NaN,8024,BARCELONA,can bar,NaN,Horta-Guinardó
Plaça de Salvador Riera,Informació d'interès,E-mail,NaN,8041,Barcelona,el guinard,55233.0,Horta-Guinardó
Pl Eivissa,NaN,NaN,NaN,8032,BARCELONA,horta,NaN,Horta-Guinardó
Pl de la República,NaN,NaN,NaN,8042,BARCELONA,la guineueta,NaN,Nou Barris
Carretera Alta de les Roquetes,Informació d'interès,E-mail,NaN,8033,Barcelona,torre bar,42056.0,Nou Barris
C Pere d'Artés,Informació d'interès,Web,NaN,8031,BARCELONA,el tur de la peira,95718.0,Nou Barris
Pl Sant Francesc Xavier,Informació d'interès,Web,NaN,8031,BARCELONA,can peguera,96228.0,Nou Barris
Pl Major de Nou Barris,Informació d'interès,Web,NaN,8042,BARCELONA,la guineueta,80335.0,Nou Barris
Pl Eusebi Güell,NaN,NaN,NaN,8034,BARCELONA,pedralbes,NaN,Les Corts
C Panamà,NaN,NaN,NaN,8034,BARCELONA,pedralbes,NaN,Les Corts
Ptge Xile,Variables,Arquitecte(s),NaN,8028,BARCELONA,la maternitat i sant ramon,356957.0,Les Corts
Pl Reina Maria Cristina,NaN,NaN,NaN,8034,BARCELONA,pedralbes,NaN,Les Corts
Av Esplugues,Responsables,Responsables,NaN,8034,BARCELONA,pedralbes,13090.0,Les Corts
Pg Santa Madrona,Informació d'interès,Web,NaN,8038,BARCELONA,el poblesec,81276.0,Sants-Montjuïc
Passatge del Vapor Vell,Informació d'interès,E-mail,NaN,8028,Barcelona,sants,33481.0,Sants-Montjuïc
Av Miramar,Informació d'interès,Web,NaN,8038,BARCELONA,el poblesec,76740.0,Sants-Montjuïc
Avinguda de l'Estadi,Informació d'interès,E-mail,NaN,8038,Barcelona,el poblesec,52183.0,Sants-Montjuïc
Avinguda de Francesc Ferrer i Guàrdia,Informació d'interès,E-mail,NaN,8038,Barcelona,el poblesec,40143.0,Sants-Montjuïc
Pg Zona Franca,NaN,NaN,NaN,8038,BARCELONA,la marina de port,NaN,Sants-Montjuïc
Carrer d'Olzinelles,Informació d'interès,E-mail,NaN,8014,Barcelona,sants,58997.0,Sants-Montjuïc
C Pere d'Artés,Informació d'interès,E-mail,NaN,8031,BARCELONA,el tur de la peira,49117.0,Nou Barris
C Pare Rodés,Informació d'interès,E-mail,NaN,8042,BARCELONA,verdun,41988.0,Nou Barris
Pl Major de Nou Barris,Informació d'interès,Web,NaN,8042,BARCELONA,la guineueta,74386.0,Nou Barris
Clot,NaN,NaN,NaN,8027,BARCELONA,la sagrera,NaN,Sant Andreu
C Santa Coloma,Informació d'interès,E-mail,NaN,8030,BARCELONA,sant andreu,43292.0,Sant Andreu
C Monlau,Informació d'interès,E-mail,NaN,8027,BARCELONA,la sagrera,35790.0,Sant Andreu
C Pinar del Río,Informació d'interès,Web,NaN,8027,BARCELONA,el congrs i els indians,95832.0,Sant Andreu
C Hondures,Informació d'interès,Web,NaN,8027,BARCELONA,la sagrera,96235.0,Sant Andreu
Virgili,Telèfons,Tel.,NaN,8030,BARCELONA,sant andreu,151898.0,Sant Andreu
Av Rio de Janeiro,NaN,NaN,NaN,8016,BARCELONA,porta,NaN,Nou Barris
C Cornudella,NaN,NaN,NaN,8031,BARCELONA,el tur de la peira,NaN,Nou Barris
C Ogassa,NaN,NaN,NaN,8042,BARCELONA,can peguera,NaN,Nou Barris
Ptge Esperança,NaN,NaN,NaN,8016,BARCELONA,vilapicina i la torre llobeta,NaN,Nou Barris
C Oristà,NaN,NaN,NaN,8033,BARCELONA,vallbona,NaN,Nou Barris
C Marie Curie,NaN,NaN,NaN,8042,BARCELONA,la guineueta,NaN,Nou Barris
Pl Concòrdia,Informació d'interès,E-mail,NaN,8014,BARCELONA,les corts,39937.0,Les Corts
G.V. Carles III,Informació d'interès,E-mail,NaN,8028,BARCELONA,les corts,44288.0,Les Corts
Av Diagonal,Informació d'interès,E-mail,NaN,8028,BARCELONA,la maternitat i sant ramon,43370.0,Les Corts
Av Doctor Marañón,Informació d'interès,E-mail,NaN,8028,BARCELONA,la maternitat i sant ramon,39656.0,Les Corts
Pl Carme,NaN,NaN,NaN,8029,BARCELONA,les corts,NaN,Les Corts
G.V. Corts Catalanes,NaN,NaN,NaN,8015,BARCELONA,la nova esquerra de leixample,NaN,Eixample
Pg Gràcia,Informació d'interès,Web,NaN,8007,BARCELONA,la dreta de leixample,73645.0,Eixample
Pau Claris,NaN,NaN,NaN,8010,BARCELONA,la dreta de leixample,NaN,Eixample
Passeig de Valldaura,Informació d'interès,Facebook,NaN,8042,Barcelona,la guineueta,457251.0,Nou Barris
Pl Major de Nou Barris,NaN,NaN,NaN,8042,BARCELONA,la guineueta,NaN,Nou Barris
Av Rio de Janeiro,Informació d'interès,E-mail,NaN,8016,BARCELONA,porta,55594.0,Nou Barris
C Garbí,Informació d'interès,E-mail,NaN,8033,BARCELONA,la trinitat nova,58034.0,Nou Barris
Carrer dels Garrofers,Informació d'interès,E-mail,NaN,8016,Barcelona,porta,40337.0,Nou Barris
Avinguda dels Rasos de Peguera,Informació d'interès,Web,NaN,8033,Barcelona,ciutat meridiana,460374.0,Nou Barris
C Aiguafreda,NaN,NaN,NaN,8032,BARCELONA,horta,NaN,Horta-Guinardó
C Portell,NaN,NaN,NaN,8023,BARCELONA,el carmel,NaN,Horta-Guinardó
C Sant Antoni Maria Claret,Informació d'interès,E-mail,NaN,8025,BARCELONA,el guinard,48374.0,Horta-Guinardó
Av Rasos de Peguera,Informació d'interès,Web,NaN,8033,BARCELONA,ciutat meridiana,95660.0,Nou Barris
C Pere d'Artés,NaN,NaN,NaN,8031,BARCELONA,el tur de la peira,NaN,Nou Barris
